x,y,img_path,img_label
-0.67338645,0.81016284,../bdd100k/seg/images/train/7e8a2803-a034c5d8.jpg,BDD
-0.15614288,1.5988678,../GTA/02_images/04828.png,GTA
0.17580473,-1.0622642,../GTA/03_images/06420.png,GTA
-0.68836105,-1.7518691,../bdd100k/seg/images/train/700c3115-5b5b7652.jpg,BDD
-0.44394344,-1.091545,../cityscape/leftImg8bit/test/berlin/berlin_000292_000019_leftImg8bit.png,cityscape
0.34868127,0.92324704,../GTA/01_images/02378.png,GTA
0.5784222,-0.5014037,../GTA/03_images/07019.png,GTA
-0.67241836,0.5408871,../bdd100k/seg/images/test/c62ae733-00000000.jpg,BDD
0.68004584,-0.40913135,../GTA/03_images/06482.png,GTA
0.4155802,-0.66594386,../GTA/03_images/09247.png,GTA
-0.3169238,0.7855652,../GTA/03_images/06835.png,GTA
1.1698785,-0.68911535,../bdd100k/seg/images/val/9b656e8f-c53b0001.jpg,BDD
0.36379868,1.6192079,../GTA/03_images/07886.png,GTA
-0.7556369,1.3622862,../bdd100k/seg/images/train/c877c1e3-775ff079.jpg,BDD
-0.69534683,1.1208293,../cityscape/leftImg8bit/test/berlin/berlin_000010_000019_leftImg8bit.png,cityscape
-0.2969589,-1.0364525,../GTA/02_images/04689.png,GTA
-0.7715753,0.52869916,../GTA/02_images/04031.png,GTA
-0.87698007,-1.4269261,../GTA/03_images/06776.png,GTA
-0.013355006,-0.4238926,../bdd100k/seg/images/train/6ff601f6-00000000.jpg,BDD
-0.086208805,1.3172879,../GTA/03_images/05320.png,GTA
0.25129864,-0.06881651,../cityscape/leftImg8bit/train/bremen/bremen_000040_000019_leftImg8bit.png,cityscape
-0.73946214,0.49420252,../bdd100k/seg/images/train/24179c38-b8325990.jpg,BDD
0.5080404,0.9059307,../bdd100k/seg/images/train/48ad9d98-3416dd20.jpg,BDD
-0.91552967,0.31114846,../cityscape/leftImg8bit/train/weimar/weimar_000048_000019_leftImg8bit.png,cityscape
0.42318407,-1.0112844,../cityscape/leftImg8bit/val/frankfurt/frankfurt_000000_022254_leftImg8bit.png,cityscape
0.33407465,-0.73248047,../GTA/02_images/04556.png,GTA
-0.269891,1.3930715,../GTA/01_images/00125.png,GTA
-0.1935511,0.05822504,../GTA/03_images/09677.png,GTA
1.4057096,-0.67309725,../bdd100k/seg/images/train/bceeedca-f0bf8606.jpg,BDD
-0.82633233,-1.2539166,../bdd100k/seg/images/train/37a593fc-13a55cce.jpg,BDD
1.3608173,-0.51599425,../bdd100k/seg/images/train/1c22af9e-991b11d4.jpg,BDD
1.3201101,1.1901059,../cityscape/leftImg8bit/train/hanover/hanover_000000_047870_leftImg8bit.png,cityscape
1.520544,-0.05547813,../cityscape/leftImg8bit/test/munich/munich_000363_000019_leftImg8bit.png,cityscape
-0.73510176,-1.6476586,../cityscape/leftImg8bit/train/strasbourg/strasbourg_000000_027771_leftImg8bit.png,cityscape
-0.49880296,-0.022508606,../bdd100k/seg/images/train/02e237f1-00000000.jpg,BDD
-0.48234078,1.6918706,../bdd100k/seg/images/train/74423034-f61ba76a.jpg,BDD
-0.5499507,0.5489144,../bdd100k/seg/images/test/d1b1f448-f1de3883.jpg,BDD
-0.18002017,1.6328049,../GTA/01_images/01472.png,GTA
1.220936,1.0312655,../bdd100k/seg/images/train/93a17dad-afed874b.jpg,BDD
0.46578768,-0.96247566,../GTA/03_images/08267.png,GTA
0.23112503,-1.1392646,../cityscape/leftImg8bit/test/berlin/berlin_000231_000019_leftImg8bit.png,cityscape
0.21705723,1.7439415,../GTA/03_images/06241.png,GTA
-0.2808367,1.4034148,../GTA/01_images/01543.png,GTA
1.4435371,-0.6141336,../bdd100k/seg/images/test/d60c58b3-504403b0.jpg,BDD
0.72943306,-0.9133485,../GTA/02_images/03544.png,GTA
1.4522997,-0.61785895,../cityscape/leftImg8bit/train/dusseldorf/dusseldorf_000080_000019_leftImg8bit.png,cityscape
0.4011279,0.283773,../cityscape/leftImg8bit/train/hanover/hanover_000000_055937_leftImg8bit.png,cityscape
0.74949,0.67329985,../bdd100k/seg/images/test/e200f312-b0758199.jpg,BDD
-0.90363514,-2.370495,../bdd100k/seg/images/test/ed5f05b1-a5310001.jpg,BDD
1.3906263,-0.38739023,../cityscape/leftImg8bit/train/bochum/bochum_000000_007150_leftImg8bit.png,cityscape
-0.23291874,0.85037434,../bdd100k/seg/images/val/81a3df53-26d7a2c7.jpg,BDD
-0.777856,-0.412956,../cityscape/leftImg8bit/train/tubingen/tubingen_000113_000019_leftImg8bit.png,cityscape
-0.0913401,2.0448587,../bdd100k/seg/images/train/21609974-1e6c098f.jpg,BDD
1.1193395,0.5657468,../bdd100k/seg/images/train/3dd41cf4-28991c3a.jpg,BDD
0.19947352,-0.4219272,../cityscape/leftImg8bit/train/dusseldorf/dusseldorf_000070_000019_leftImg8bit.png,cityscape
-0.2697272,-0.49537033,../cityscape/leftImg8bit/val/munster/munster_000116_000019_leftImg8bit.png,cityscape
1.4109588,-0.6820174,../cityscape/leftImg8bit/train/hanover/hanover_000000_010553_leftImg8bit.png,cityscape
-0.63519925,0.60810864,../GTA/03_images/09920.png,GTA
-0.32933193,1.326125,../GTA/01_images/00166.png,GTA
-0.43089923,-0.74798846,../bdd100k/seg/images/train/3fd1e923-bcb08a1c.jpg,BDD
-1.1159371,-0.10887871,../bdd100k/seg/images/val/99ab7304-32307eea.jpg,BDD
-0.89658743,1.0473506,../bdd100k/seg/images/train/150a973a-6772fd20.jpg,BDD
0.5182659,-1.2118005,../cityscape/leftImg8bit/val/munster/munster_000104_000019_leftImg8bit.png,cityscape
1.3010335,0.1852893,../cityscape/leftImg8bit/val/frankfurt/frankfurt_000000_012121_leftImg8bit.png,cityscape
-0.19367643,-0.31303525,../GTA/01_images/01755.png,GTA
0.15404855,0.12034123,../bdd100k/seg/images/train/278f2bc1-a0562ec1.jpg,BDD
0.47137132,1.0494696,../GTA/01_images/00954.png,GTA
-1.3959655,-0.44420826,../cityscape/leftImg8bit/val/munster/munster_000039_000019_leftImg8bit.png,cityscape
-0.36447763,-0.04072487,../GTA/02_images/02723.png,GTA
-0.2431456,-0.34140256,../bdd100k/seg/images/train/6188662c-e18e9c44.jpg,BDD
-0.81914824,0.60712785,../bdd100k/seg/images/train/4c3bf807-021593bc.jpg,BDD
1.195583,0.90809214,../bdd100k/seg/images/train/24a75019-446b7e88.jpg,BDD
0.12698762,0.61876535,../bdd100k/seg/images/train/022ec367-cb18e652.jpg,BDD
0.10264265,1.3423564,../bdd100k/seg/images/train/8335e55d-dd25e148.jpg,BDD
-0.09150049,1.5224968,../GTA/03_images/05289.png,GTA
-1.6117066,-0.22608837,../cityscape/leftImg8bit/val/frankfurt/frankfurt_000000_007365_leftImg8bit.png,cityscape
0.2522475,1.6352147,../GTA/03_images/06340.png,GTA
1.1456596,-0.32229748,../GTA/02_images/03159.png,GTA
1.516328,-0.057294533,../bdd100k/seg/images/train/72d1a01b-0e0f0001.jpg,BDD
-0.23502392,-1.1644534,../GTA/02_images/04474.png,GTA
-0.57783806,-0.26326272,../cityscape/leftImg8bit/test/mainz/mainz_000003_008690_leftImg8bit.png,cityscape
-1.650167,-0.11477937,../cityscape/leftImg8bit/train/strasbourg/strasbourg_000000_031223_leftImg8bit.png,cityscape
0.20116775,0.01974771,../cityscape/leftImg8bit/train/aachen/aachen_000066_000019_leftImg8bit.png,cityscape
-0.84294385,-1.5366108,../GTA/03_images/06918.png,GTA
-0.3874801,-1.1057867,../GTA/03_images/09010.png,GTA
0.29477867,-0.3795944,../cityscape/leftImg8bit/train/aachen/aachen_000151_000019_leftImg8bit.png,cityscape
-0.21069574,2.218315,../cityscape/leftImg8bit/test/munich/munich_000332_000019_leftImg8bit.png,cityscape
-0.39949712,-1.6333549,../cityscape/leftImg8bit/test/munich/munich_000097_000019_leftImg8bit.png,cityscape
-1.0713037,0.4092249,../cityscape/leftImg8bit/train/bremen/bremen_000168_000019_leftImg8bit.png,cityscape
1.5493894,-0.30922705,../bdd100k/seg/images/train/60994578-2ec14c73.jpg,BDD
0.51098627,0.30432332,../bdd100k/seg/images/train/4b94bae4-48184270.jpg,BDD
-0.35905623,0.36712095,../bdd100k/seg/images/train/41822cbd-2d85ad88.jpg,BDD
0.5534815,-1.2021321,../cityscape/leftImg8bit/train/strasbourg/strasbourg_000000_010816_leftImg8bit.png,cityscape
0.8587884,-0.3446723,../GTA/02_images/02517.png,GTA
1.4129894,-0.39897475,../GTA/03_images/05619.png,GTA
-0.18784007,1.6408278,../bdd100k/seg/images/train/6a2d7759-45d710c2.jpg,BDD
1.5378749,-0.087036386,../cityscape/leftImg8bit/test/munich/munich_000202_000019_leftImg8bit.png,cityscape
1.5081393,0.0013888694,../cityscape/leftImg8bit/train/aachen/aachen_000128_000019_leftImg8bit.png,cityscape
-1.3620815,-0.59919703,../GTA/01_images/00001.png,GTA
-0.10719445,1.5794959,../cityscape/leftImg8bit/test/mainz/mainz_000003_006478_leftImg8bit.png,cityscape
-0.5599691,0.77904177,../cityscape/leftImg8bit/train/dusseldorf/dusseldorf_000178_000019_leftImg8bit.png,cityscape
-0.17653902,1.5995195,../bdd100k/seg/images/val/a91b7555-00000975.jpg,BDD
1.6241827,-0.70711744,../cityscape/leftImg8bit/train/hamburg/hamburg_000000_104857_leftImg8bit.png,cityscape
-0.48032662,-0.2160537,../GTA/02_images/04003.png,GTA
0.11296819,0.6730323,../GTA/03_images/08863.png,GTA
1.504884,0.2512629,../GTA/03_images/06082.png,GTA
1.6474714,-0.6688224,../GTA/03_images/08208.png,GTA
1.490322,-0.64318573,../bdd100k/seg/images/test/f1207b48-00000000.jpg,BDD
1.5856025,-0.054382667,../cityscape/leftImg8bit/test/mainz/mainz_000000_018249_leftImg8bit.png,cityscape
-0.35151488,-1.7454377,../GTA/03_images/09067.png,GTA
-0.8512691,-1.9595371,../GTA/03_images/06923.png,GTA
0.8833147,-0.8322264,../GTA/02_images/04147.png,GTA
0.4003744,-0.2898921,../cityscape/leftImg8bit/train/bremen/bremen_000122_000019_leftImg8bit.png,cityscape
-0.21572913,-0.24462993,../GTA/02_images/03304.png,GTA
-0.8050124,0.59392756,../GTA/02_images/04936.png,GTA
-0.88656586,-2.355056,../bdd100k/seg/images/train/3bb1095b-e8547171.jpg,BDD
-0.8965089,-1.3927805,../cityscape/leftImg8bit/val/lindau/lindau_000055_000019_leftImg8bit.png,cityscape
-1.5426532,0.4343947,../bdd100k/seg/images/train/901fbccc-a4454c87.jpg,BDD
0.18320163,-1.0971065,../cityscape/leftImg8bit/train/cologne/cologne_000114_000019_leftImg8bit.png,cityscape
-0.89073455,-0.2576627,../GTA/01_images/01271.png,GTA
-0.3460306,1.9102367,../GTA/03_images/07763.png,GTA
-0.72298634,-1.4731591,../bdd100k/seg/images/test/d43b8f79-bb0668c0.jpg,BDD
1.1290962,-0.66013074,../GTA/03_images/08503.png,GTA
0.46787113,0.54774725,../cityscape/leftImg8bit/test/munich/munich_000170_000019_leftImg8bit.png,cityscape
-1.6015729,-0.14085709,../cityscape/leftImg8bit/test/munich/munich_000192_000019_leftImg8bit.png,cityscape
0.68228006,-0.73992324,../bdd100k/seg/images/train/0ec4e1d8-36ec61fc.jpg,BDD
-1.6575457,0.07522053,../cityscape/leftImg8bit/train/monchengladbach/monchengladbach_000000_035083_leftImg8bit.png,cityscape
-1.6782525,-0.12301725,../cityscape/leftImg8bit/train/strasbourg/strasbourg_000000_013223_leftImg8bit.png,cityscape
-0.19072227,-1.1600372,../GTA/02_images/04475.png,GTA
0.73069495,0.77766055,../GTA/03_images/06414.png,GTA
-0.7131881,0.92521065,../bdd100k/seg/images/val/9aa12a35-79090001.jpg,BDD
-0.94850516,-0.17944422,../bdd100k/seg/images/train/2059f725-0ff7f12f.jpg,BDD
1.6743331,-0.17200643,../cityscape/leftImg8bit/train/bremen/bremen_000116_000019_leftImg8bit.png,cityscape
-1.3983284,-0.11162863,../cityscape/leftImg8bit/train/erfurt/erfurt_000103_000019_leftImg8bit.png,cityscape
-0.4647491,1.4256297,../GTA/01_images/00966.png,GTA
-0.6346209,0.41795853,../bdd100k/seg/images/train/71dc1615-2441cddc.jpg,BDD
-0.40825063,-0.15252343,../cityscape/leftImg8bit/train/dusseldorf/dusseldorf_000206_000019_leftImg8bit.png,cityscape
-0.21446829,-1.5818176,../cityscape/leftImg8bit/val/frankfurt/frankfurt_000001_055172_leftImg8bit.png,cityscape
-0.83667743,-1.5580335,../bdd100k/seg/images/train/28f73d40-b7930001.jpg,BDD
-0.37452736,0.79084945,../GTA/03_images/07653.png,GTA
-1.1609144,-0.1364466,../GTA/01_images/01580.png,GTA
1.6996624,-0.25093362,../cityscape/leftImg8bit/train/monchengladbach/monchengladbach_000000_018720_leftImg8bit.png,cityscape
-0.68284726,1.5464085,../cityscape/leftImg8bit/train/strasbourg/strasbourg_000000_023854_leftImg8bit.png,cityscape
0.48658806,-0.30669266,../cityscape/leftImg8bit/test/munich/munich_000178_000019_leftImg8bit.png,cityscape
-0.8357764,-2.4574292,../bdd100k/seg/images/train/04c450d8-00000000.jpg,BDD
-0.5507084,-0.48667327,../bdd100k/seg/images/train/c324a11d-eaaeb859.jpg,BDD
0.3691374,0.111203864,../cityscape/leftImg8bit/test/berlin/berlin_000408_000019_leftImg8bit.png,cityscape
1.2026511,0.83851886,../GTA/01_images/00839.png,GTA
0.52704227,0.9578568,../GTA/03_images/07486.png,GTA
-1.3540225,-0.32954237,../cityscape/leftImg8bit/train/tubingen/tubingen_000140_000019_leftImg8bit.png,cityscape
-0.20939031,1.5157824,../bdd100k/seg/images/train/36379ca2-90c4d7be.jpg,BDD
-0.42472124,-0.015416132,../cityscape/leftImg8bit/test/munich/munich_000108_000019_leftImg8bit.png,cityscape
0.6824247,-0.9872085,../cityscape/leftImg8bit/test/mainz/mainz_000000_003049_leftImg8bit.png,cityscape
0.06924691,-0.12838791,../bdd100k/seg/images/val/9f51e19f-00000000.jpg,BDD
1.1591301,0.7443228,../bdd100k/seg/images/train/31d360ac-1a859630.jpg,BDD
-1.3853076,-0.5368376,../cityscape/leftImg8bit/train/cologne/cologne_000043_000019_leftImg8bit.png,cityscape
-0.6849406,0.44024593,../bdd100k/seg/images/val/9b970e47-359c8e97.jpg,BDD
-1.3291262,0.5260957,../cityscape/leftImg8bit/train/dusseldorf/dusseldorf_000072_000019_leftImg8bit.png,cityscape
0.70644176,-0.82380456,../GTA/02_images/03981.png,GTA
1.1855353,-0.80488336,../bdd100k/seg/images/train/a93af51d-96dae531.jpg,BDD
1.5147036,0.2710903,../cityscape/leftImg8bit/train/monchengladbach/monchengladbach_000000_031005_leftImg8bit.png,cityscape
-0.93595195,0.4624543,../cityscape/leftImg8bit/train/weimar/weimar_000122_000019_leftImg8bit.png,cityscape
1.4619722,-0.41454747,../cityscape/leftImg8bit/test/bielefeld/bielefeld_000000_025748_leftImg8bit.png,cityscape
-1.3383973,-0.282856,../GTA/02_images/02897.png,GTA
1.604369,-0.182202,../GTA/03_images/05213.png,GTA
0.9383919,0.8937798,../bdd100k/seg/images/train/4fb2303a-00000000.jpg,BDD
-1.3937163,-0.16409273,../bdd100k/seg/images/train/2105fcd5-412eacce.jpg,BDD
0.06808406,1.4518892,../GTA/01_images/00635.png,GTA
-0.28533283,0.85019654,../GTA/02_images/02620.png,GTA
-1.674794,0.1846201,../cityscape/leftImg8bit/test/munich/munich_000272_000019_leftImg8bit.png,cityscape
0.32512653,-0.23783365,../cityscape/leftImg8bit/test/munich/munich_000303_000019_leftImg8bit.png,cityscape
0.5012463,0.38587418,../GTA/03_images/09319.png,GTA
-0.9436312,-1.2401103,../cityscape/leftImg8bit/train/bochum/bochum_000000_025746_leftImg8bit.png,cityscape
-0.93955064,-1.3036765,../cityscape/leftImg8bit/train/hamburg/hamburg_000000_053776_leftImg8bit.png,cityscape
0.11052784,1.4921457,../GTA/03_images/05386.png,GTA
-0.7509396,0.6256339,../bdd100k/seg/images/train/5c8bd8f8-88cebff5.jpg,BDD
-0.6294398,0.5770494,../bdd100k/seg/images/train/439c1313-3d04d575.jpg,BDD
-0.51918226,-1.1707946,../GTA/03_images/09500.png,GTA
-1.0884733,-0.12650116,../GTA/02_images/02760.png,GTA
1.5315026,-0.2654506,../bdd100k/seg/images/test/d875676c-8f2091ae.jpg,BDD
0.1356904,-0.74201834,../bdd100k/seg/images/train/8e3bb7b2-bc34fce7.jpg,BDD
-0.78453875,-0.3789851,../GTA/03_images/09521.png,GTA
-0.1472944,-0.3677549,../bdd100k/seg/images/test/f5fce005-00000380.jpg,BDD
-0.55823064,-1.5580165,../cityscape/leftImg8bit/val/munster/munster_000089_000019_leftImg8bit.png,cityscape
0.05137911,-0.8403177,../GTA/03_images/05547.png,GTA
0.43298924,-0.8993812,../cityscape/leftImg8bit/val/frankfurt/frankfurt_000001_010600_leftImg8bit.png,cityscape
-0.3140705,1.6773019,../GTA/03_images/09730.png,GTA
1.6307323,-0.6447609,../cityscape/leftImg8bit/train/aachen/aachen_000087_000019_leftImg8bit.png,cityscape
-0.86319387,-1.6090457,../bdd100k/seg/images/train/c3981cf1-6e95c296.jpg,BDD
0.5168361,-1.1625618,../cityscape/leftImg8bit/val/munster/munster_000125_000019_leftImg8bit.png,cityscape
-0.5279318,1.5876626,../bdd100k/seg/images/train/932c1c93-91f79869.jpg,BDD
-0.9073679,-2.336886,../bdd100k/seg/images/train/00e9be89-00001155.jpg,BDD
1.090821,0.44428167,../GTA/03_images/06814.png,GTA
1.5381751,-0.1410969,../GTA/03_images/08603.png,GTA
-1.0687051,-0.0010272464,../bdd100k/seg/images/test/d83a375e-00000000.jpg,BDD
1.2471137,1.0089179,../bdd100k/seg/images/test/ae60618a-00000000.jpg,BDD
-1.4050882,-0.34454918,../cityscape/leftImg8bit/train/aachen/aachen_000168_000019_leftImg8bit.png,cityscape
0.6960072,0.66124094,../bdd100k/seg/images/train/59d1965e-d7d5274d.jpg,BDD
-1.1620253,0.19735128,../cityscape/leftImg8bit/train/erfurt/erfurt_000085_000019_leftImg8bit.png,cityscape
-0.95931304,0.4537187,../cityscape/leftImg8bit/test/munich/munich_000025_000019_leftImg8bit.png,cityscape
-0.30588067,-1.3254396,../GTA/02_images/03983.png,GTA
-1.5907453,0.1606663,../GTA/03_images/05883.png,GTA
0.13548695,1.5516084,../GTA/03_images/06238.png,GTA
1.4081546,0.3790234,../cityscape/leftImg8bit/test/mainz/mainz_000000_008871_leftImg8bit.png,cityscape
0.46426105,0.16011982,../bdd100k/seg/images/train/585f6b37-00000000.jpg,BDD
-0.6099247,1.444141,../GTA/03_images/06922.png,GTA
-0.5770028,-1.1655716,../bdd100k/seg/images/train/3dab4537-aeb6078d.jpg,BDD
-0.8488849,-2.0072336,../bdd100k/seg/images/train/07b5af1c-5153aa63.jpg,BDD
-0.42274243,0.9068814,../GTA/03_images/09588.png,GTA
-0.302614,1.633671,../GTA/03_images/08126.png,GTA
-0.65150535,0.4509017,../cityscape/leftImg8bit/train/strasbourg/strasbourg_000000_030324_leftImg8bit.png,cityscape
0.6698688,-0.047704544,../bdd100k/seg/images/test/ac56c836-bdabca21.jpg,BDD
0.14594875,-0.68663806,../cityscape/leftImg8bit/test/munich/munich_000342_000019_leftImg8bit.png,cityscape
-0.12452277,2.0666792,../bdd100k/seg/images/test/ccdfec32-77664bf4.jpg,BDD
-0.41633898,-0.9031637,../cityscape/leftImg8bit/train/dusseldorf/dusseldorf_000202_000019_leftImg8bit.png,cityscape
1.031597,-0.83778477,../cityscape/leftImg8bit/train/hanover/hanover_000000_052512_leftImg8bit.png,cityscape
-0.42421362,-1.4054539,../GTA/01_images/01250.png,GTA
0.52503103,0.9652328,../GTA/01_images/00149.png,GTA
-0.8751062,-0.77032495,../cityscape/leftImg8bit/train/bremen/bremen_000078_000019_leftImg8bit.png,cityscape
0.95980287,-0.81987154,../bdd100k/seg/images/train/be56ab92-da00e516.jpg,BDD
-0.15865242,0.11275429,../cityscape/leftImg8bit/train/dusseldorf/dusseldorf_000041_000019_leftImg8bit.png,cityscape
-1.7607508,0.116228096,../GTA/03_images/06931.png,GTA
-0.17266154,0.6513718,../bdd100k/seg/images/train/1ee2d0f9-c1f48031.jpg,BDD
-1.4982618,-0.10325234,../cityscape/leftImg8bit/train/cologne/cologne_000079_000019_leftImg8bit.png,cityscape
0.23352943,0.8942644,../bdd100k/seg/images/train/6a2c3759-b95bf08e.jpg,BDD
-0.17320046,1.5999829,../bdd100k/seg/images/train/7ccd7466-426b0000.jpg,BDD
-1.1295053,-0.1015805,../GTA/02_images/03565.png,GTA
-1.554176,0.45339626,../cityscape/leftImg8bit/test/berlin/berlin_000443_000019_leftImg8bit.png,cityscape
-1.110518,0.17345218,../GTA/01_images/01875.png,GTA
1.6392459,-0.66640955,../bdd100k/seg/images/train/0ab72d5d-af77406b.jpg,BDD
-0.31499824,0.13693045,../GTA/03_images/07178.png,GTA
-0.4483995,-0.5547483,../bdd100k/seg/images/train/a32275b1-ede23fc6.jpg,BDD
-0.39004475,0.7037698,../bdd100k/seg/images/val/9b2f8e46-00000000.jpg,BDD
-1.0774026,0.27685973,../GTA/01_images/00043.png,GTA
1.2251441,-0.76483524,../bdd100k/seg/images/val/7ed0f644-ac730001.jpg,BDD
-0.21531188,1.508453,../bdd100k/seg/images/train/70db4cac-d69a5e41.jpg,BDD
-0.035322692,1.5254636,../GTA/01_images/00891.png,GTA
1.1985054,0.4179563,../bdd100k/seg/images/train/2d88dd5c-1837fcff.jpg,BDD
0.41454935,-0.8200461,../GTA/01_images/01692.png,GTA
-1.110777,-0.29224363,../GTA/02_images/02753.png,GTA
-0.2829009,1.8706851,../GTA/03_images/07631.png,GTA
1.3361508,-0.7284514,../cityscape/leftImg8bit/train/hanover/hanover_000000_054965_leftImg8bit.png,cityscape
1.4439001,-0.7156128,../cityscape/leftImg8bit/train/tubingen/tubingen_000129_000019_leftImg8bit.png,cityscape
-0.6063491,-1.7576692,../cityscape/leftImg8bit/train/hamburg/hamburg_000000_029378_leftImg8bit.png,cityscape
1.3445543,-0.14710571,../bdd100k/seg/images/train/5d094d74-dac4c6c0.jpg,BDD
0.18961978,-0.41520682,../cityscape/leftImg8bit/train/dusseldorf/dusseldorf_000147_000019_leftImg8bit.png,cityscape
0.5844266,-0.5453588,../GTA/03_images/09870.png,GTA
1.3714263,0.3559776,../GTA/03_images/06276.png,GTA
-1.741484,0.23914523,../cityscape/leftImg8bit/train/jena/jena_000008_000019_leftImg8bit.png,cityscape
-1.0048794,-0.042113524,../GTA/01_images/00686.png,GTA
1.5504699,-0.6281835,../bdd100k/seg/images/train/a7f9d60b-7ae3f042.jpg,BDD
-0.8033425,0.71118873,../cityscape/leftImg8bit/train/aachen/aachen_000133_000019_leftImg8bit.png,cityscape
1.6189283,-0.15657632,../cityscape/leftImg8bit/val/lindau/lindau_000005_000019_leftImg8bit.png,cityscape
0.32884964,-0.7143082,../bdd100k/seg/images/train/57671c58-bbc50c0b.jpg,BDD
-0.22215444,2.2082152,../cityscape/leftImg8bit/test/berlin/berlin_000324_000019_leftImg8bit.png,cityscape
0.4208816,0.1218107,../cityscape/leftImg8bit/test/berlin/berlin_000359_000019_leftImg8bit.png,cityscape
1.1423157,0.63203216,../cityscape/leftImg8bit/test/munich/munich_000055_000019_leftImg8bit.png,cityscape
0.6401943,-0.72284156,../bdd100k/seg/images/train/3d74dd6a-12517fd5.jpg,BDD
-0.24576543,1.6990933,../GTA/03_images/07583.png,GTA
1.4232954,-0.71088135,../cityscape/leftImg8bit/train/cologne/cologne_000048_000019_leftImg8bit.png,cityscape
1.5194999,-0.64337444,../GTA/03_images/08889.png,GTA
0.46152505,0.7053979,../GTA/01_images/00140.png,GTA
-0.8758147,-2.1239586,../GTA/03_images/08092.png,GTA
-1.5071931,-0.5256771,../cityscape/leftImg8bit/val/munster/munster_000042_000019_leftImg8bit.png,cityscape
-1.1524704,-0.10038587,../GTA/02_images/03493.png,GTA
-0.3231751,1.6719505,../bdd100k/seg/images/train/2f1db731-b2e98dce.jpg,BDD
-0.42212477,-0.008355346,../cityscape/leftImg8bit/test/munich/munich_000106_000019_leftImg8bit.png,cityscape
-0.34264743,0.8528646,../bdd100k/seg/images/val/9f7d0810-920ea2dc.jpg,BDD
0.17271787,-0.7099126,../cityscape/leftImg8bit/train/hamburg/hamburg_000000_087822_leftImg8bit.png,cityscape
1.0593479,-0.86514664,../GTA/01_images/01819.png,GTA
1.114529,1.192492,../bdd100k/seg/images/train/051d6f8d-ab210001.jpg,BDD
-1.617717,-0.41701126,../cityscape/leftImg8bit/train/stuttgart/stuttgart_000011_000019_leftImg8bit.png,cityscape
-1.5040683,-0.5001311,../cityscape/leftImg8bit/test/mainz/mainz_000000_020415_leftImg8bit.png,cityscape
0.3862347,-0.24812706,../cityscape/leftImg8bit/train/erfurt/erfurt_000074_000019_leftImg8bit.png,cityscape
-1.3779067,-0.55389225,../cityscape/leftImg8bit/train/hanover/hanover_000000_032681_leftImg8bit.png,cityscape
-0.023510609,-0.9380728,../bdd100k/seg/images/test/b7a21f9b-cc457d04.jpg,BDD
0.0148071125,0.12820281,../cityscape/leftImg8bit/val/frankfurt/frankfurt_000001_002646_leftImg8bit.png,cityscape
1.1188529,0.017369935,../GTA/03_images/08245.png,GTA
1.2347913,-0.6198686,../GTA/03_images/05844.png,GTA
-0.009279884,-0.32197168,../GTA/03_images/05567.png,GTA
0.082166694,0.7656019,../cityscape/leftImg8bit/train/jena/jena_000012_000019_leftImg8bit.png,cityscape
-0.78416,-1.3488983,../cityscape/leftImg8bit/train/hamburg/hamburg_000000_098400_leftImg8bit.png,cityscape
-0.5698042,-1.295025,../bdd100k/seg/images/test/d6fd12ed-d08267fa.jpg,BDD
0.06578375,-0.19078183,../bdd100k/seg/images/train/6ea9d065-03300cfe.jpg,BDD
-0.9072921,0.05022606,../bdd100k/seg/images/train/553e4a19-8b560001.jpg,BDD
1.4798743,0.25511575,../bdd100k/seg/images/val/a91b7555-00000780.jpg,BDD
-0.18376556,-0.35076907,../bdd100k/seg/images/test/f5fce005-00000455.jpg,BDD
0.41591844,0.15217026,../bdd100k/seg/images/test/f59fd8f4-89661375.jpg,BDD
-1.5482596,-0.31121084,../GTA/03_images/05622.png,GTA
-1.201482,1.0587968,../cityscape/leftImg8bit/train/dusseldorf/dusseldorf_000021_000019_leftImg8bit.png,cityscape
-0.15562257,1.3647037,../bdd100k/seg/images/train/411e334e-eba9b296.jpg,BDD
-0.18389806,1.7490382,../GTA/03_images/08262.png,GTA
0.046071857,0.83583826,../bdd100k/seg/images/train/5a463e45-8a75255d.jpg,BDD
1.5786546,-0.53408694,../GTA/03_images/07728.png,GTA
0.00171099,0.3867621,../GTA/03_images/07567.png,GTA
-0.377889,1.4748241,../GTA/03_images/06826.png,GTA
1.2808535,1.4278802,../cityscape/leftImg8bit/test/bielefeld/bielefeld_000000_037159_leftImg8bit.png,cityscape
1.6099266,-0.049226373,../GTA/03_images/06481.png,GTA
-0.4988804,0.6063784,../GTA/01_images/00876.png,GTA
1.2997769,1.0183679,../cityscape/leftImg8bit/train/krefeld/krefeld_000000_024921_leftImg8bit.png,cityscape
-0.7626125,-0.9984117,../bdd100k/seg/images/train/91a1d9e8-84b978ee.jpg,BDD
-0.524789,0.7954449,../cityscape/leftImg8bit/train/hamburg/hamburg_000000_101724_leftImg8bit.png,cityscape
-0.8727495,-1.5091534,../cityscape/leftImg8bit/test/mainz/mainz_000000_021457_leftImg8bit.png,cityscape
-0.7953701,-1.5014969,../cityscape/leftImg8bit/train/bochum/bochum_000000_001519_leftImg8bit.png,cityscape
0.29943794,0.2855564,../bdd100k/seg/images/train/5a855199-03bff01a.jpg,BDD
1.5031074,-0.35528323,../GTA/03_images/06076.png,GTA
-0.77133477,-0.6714065,../cityscape/leftImg8bit/train/bochum/bochum_000000_016125_leftImg8bit.png,cityscape
-0.38323075,1.9250708,../GTA/03_images/07741.png,GTA
-0.030530669,1.8065193,../bdd100k/seg/images/train/0106b2ae-00000000.jpg,BDD
-1.3359288,-0.22671053,../cityscape/leftImg8bit/test/munich/munich_000151_000019_leftImg8bit.png,cityscape
1.1061283,-0.6317913,../cityscape/leftImg8bit/train/darmstadt/darmstadt_000069_000019_leftImg8bit.png,cityscape
-0.1386528,1.9118832,../GTA/03_images/05863.png,GTA
-0.7978249,-2.4071646,../bdd100k/seg/images/train/00e9be89-00001870.jpg,BDD
0.39420226,0.8962578,../GTA/03_images/06574.png,GTA
0.6201609,-0.9209371,../bdd100k/seg/images/train/5912fad1-49960001.jpg,BDD
0.90774983,-0.9928557,../bdd100k/seg/images/train/5c99dba2-48fd7eb1.jpg,BDD
1.0088546,-0.8817944,../GTA/01_images/01816.png,GTA
-0.1480614,-0.38927767,../bdd100k/seg/images/test/f5fce005-00000140.jpg,BDD
-0.83508855,0.20051704,../GTA/01_images/00830.png,GTA
0.50387716,0.2709034,../bdd100k/seg/images/test/f2e59adb-00000000.jpg,BDD
0.21896468,-1.1237929,../cityscape/leftImg8bit/test/berlin/berlin_000315_000019_leftImg8bit.png,cityscape
1.4943423,-0.6489664,../cityscape/leftImg8bit/train/strasbourg/strasbourg_000000_006264_leftImg8bit.png,cityscape
-0.32560626,-0.5347363,../cityscape/leftImg8bit/test/berlin/berlin_000527_000019_leftImg8bit.png,cityscape
-0.13215095,0.59406805,../bdd100k/seg/images/train/51ddbcf8-f6397676.jpg,BDD
-0.09308855,-1.4992219,../GTA/01_images/02232.png,GTA
1.549021,-0.19696133,../cityscape/leftImg8bit/train/hanover/hanover_000000_027007_leftImg8bit.png,cityscape
-0.7249288,1.3581939,../bdd100k/seg/images/train/3dd9798a-80540000.jpg,BDD
1.6500715,-0.6673188,../bdd100k/seg/images/train/103b71c6-4d687751.jpg,BDD
1.4105157,0.37786928,../cityscape/leftImg8bit/test/mainz/mainz_000000_008509_leftImg8bit.png,cityscape
0.25615308,-0.1449989,../cityscape/leftImg8bit/test/berlin/berlin_000462_000019_leftImg8bit.png,cityscape
-0.9020895,-1.1265811,../cityscape/leftImg8bit/train/dusseldorf/dusseldorf_000071_000019_leftImg8bit.png,cityscape
1.5479399,-0.6137068,../bdd100k/seg/images/test/f30ad06b-64670248.jpg,BDD
-1.4658458,0.32936907,../cityscape/leftImg8bit/train/hamburg/hamburg_000000_007737_leftImg8bit.png,cityscape
0.2794299,-0.1371873,../GTA/02_images/03445.png,GTA
-0.60751504,-0.74900955,../bdd100k/seg/images/train/51d80c39-86946da2.jpg,BDD
-0.36875445,1.4975129,../GTA/03_images/08053.png,GTA
-0.091149285,1.4932283,../GTA/02_images/02586.png,GTA
-0.32753378,0.8939493,../bdd100k/seg/images/test/f5775fbf-7586dbf2.jpg,BDD
1.0964112,0.5778211,../GTA/03_images/05187.png,GTA
1.1226543,0.1976256,../GTA/01_images/01191.png,GTA
-0.8857075,-2.1730762,../GTA/02_images/03806.png,GTA
-1.5798979,-0.071972884,../bdd100k/seg/images/train/68fe80f9-9dff54d0.jpg,BDD
1.4613909,-0.4750231,../bdd100k/seg/images/train/17b12016-2f0f62f5.jpg,BDD
1.4480923,-0.6939062,../cityscape/leftImg8bit/train/hanover/hanover_000000_045446_leftImg8bit.png,cityscape
-0.7213471,-1.0863408,../bdd100k/seg/images/test/e9c0f943-cb59007c.jpg,BDD
-0.8996774,-0.5109903,../GTA/02_images/02804.png,GTA
-1.3784696,-0.21843582,../GTA/03_images/07920.png,GTA
0.63761985,-0.99559283,../cityscape/leftImg8bit/train/hamburg/hamburg_000000_082301_leftImg8bit.png,cityscape
-1.0058608,0.028410936,../GTA/01_images/02139.png,GTA
-0.29326788,0.761113,../GTA/01_images/01157.png,GTA
-0.12222896,0.07331429,../bdd100k/seg/images/test/dcc32c9c-68c175fe.jpg,BDD
-1.0603355,0.058106646,../cityscape/leftImg8bit/train/zurich/zurich_000101_000019_leftImg8bit.png,cityscape
-1.0444604,-0.020269303,../bdd100k/seg/images/train/c4fb6443-babb6e4c.jpg,BDD
0.55096126,-1.0090393,../GTA/03_images/05044.png,GTA
0.21733041,-0.025420934,../bdd100k/seg/images/train/7af082b9-d4e7324f.jpg,BDD
0.6517789,-0.34513465,../bdd100k/seg/images/train/67fbf1e7-15d0d463.jpg,BDD
-0.22996037,-0.7535657,../bdd100k/seg/images/test/ea5bdec7-9a5c534c.jpg,BDD
-0.36207572,1.7703414,../GTA/03_images/06254.png,GTA
0.42500252,0.35571298,../GTA/03_images/05124.png,GTA
1.2076186,0.43122587,../bdd100k/seg/images/test/c31cade1-00000000.jpg,BDD
-0.25307855,1.9578185,../bdd100k/seg/images/train/b3815e24-b9565680.jpg,BDD
-0.79216295,-0.7052062,../GTA/02_images/04682.png,GTA
0.22389829,1.6896864,../GTA/03_images/07838.png,GTA
0.17885041,0.12366659,../cityscape/leftImg8bit/test/berlin/berlin_000192_000019_leftImg8bit.png,cityscape
1.5395871,-0.029482398,../cityscape/leftImg8bit/test/munich/munich_000161_000019_leftImg8bit.png,cityscape
-1.2954528,0.2944269,../cityscape/leftImg8bit/train/stuttgart/stuttgart_000072_000019_leftImg8bit.png,cityscape
-0.3709841,-1.773499,../GTA/03_images/07099.png,GTA
-0.57413363,-0.36581656,../cityscape/leftImg8bit/val/frankfurt/frankfurt_000000_009969_leftImg8bit.png,cityscape
-0.99926287,0.1788882,../bdd100k/seg/images/train/39c82e6d-00000000.jpg,BDD
-0.6199392,1.3182414,../GTA/03_images/06249.png,GTA
1.5008173,-0.5881037,../bdd100k/seg/images/train/b55305bd-f66ad8fb.jpg,BDD
-0.49195462,-1.7132084,../GTA/02_images/03732.png,GTA
-0.68492466,0.8688257,../bdd100k/seg/images/test/e40c634f-00000000.jpg,BDD
0.76333696,-0.9201225,../GTA/01_images/00469.png,GTA
-1.0815645,-0.36173078,../GTA/02_images/02756.png,GTA
-0.3592498,0.33684,../GTA/03_images/06028.png,GTA
-0.28449228,1.7825941,../GTA/03_images/06741.png,GTA
-0.09493114,1.9462457,../GTA/03_images/07874.png,GTA
-0.29062012,1.957528,../bdd100k/seg/images/train/bb1b7e42-67806924.jpg,BDD
-0.14560203,-0.39676234,../bdd100k/seg/images/train/4faabd52-4948c2aa.jpg,BDD
0.52367604,-1.2022549,../cityscape/leftImg8bit/train/strasbourg/strasbourg_000001_026106_leftImg8bit.png,cityscape
-0.17961565,1.6175493,../bdd100k/seg/images/test/d7402ea7-cc563c45.jpg,BDD
-0.35210818,0.66645765,../cityscape/leftImg8bit/test/mainz/mainz_000000_019686_leftImg8bit.png,cityscape
-0.72732645,-1.4275393,../cityscape/leftImg8bit/train/strasbourg/strasbourg_000001_060173_leftImg8bit.png,cityscape
-1.0877326,0.24178647,../GTA/03_images/06506.png,GTA
-0.9644017,0.44691864,../cityscape/leftImg8bit/train/bremen/bremen_000302_000019_leftImg8bit.png,cityscape
-0.22369008,1.3577065,../bdd100k/seg/images/train/402a81ef-00000000.jpg,BDD
1.5856515,-0.62993515,../cityscape/leftImg8bit/test/mainz/mainz_000001_009811_leftImg8bit.png,cityscape
0.066172756,-0.85848844,../GTA/03_images/05221.png,GTA
-0.36994004,-1.794021,../cityscape/leftImg8bit/train/bochum/bochum_000000_029721_leftImg8bit.png,cityscape
-0.305846,0.7578451,../GTA/02_images/02693.png,GTA
0.7372765,1.0164164,../bdd100k/seg/images/test/e83a7b10-00000000.jpg,BDD
-0.81163096,-0.9347723,../GTA/02_images/03953.png,GTA
0.4404892,0.088649124,../GTA/03_images/09415.png,GTA
-0.47320056,-1.2484536,../cityscape/leftImg8bit/train/hamburg/hamburg_000000_094185_leftImg8bit.png,cityscape
-1.1146306,0.19400121,../GTA/03_images/09018.png,GTA
-0.7656413,0.57340354,../cityscape/leftImg8bit/train/strasbourg/strasbourg_000001_057811_leftImg8bit.png,cityscape
0.19410844,1.3328943,../bdd100k/seg/images/train/522da2c9-bfd9a7db.jpg,BDD
-1.0431062,-0.59428346,../cityscape/leftImg8bit/train/hanover/hanover_000000_019116_leftImg8bit.png,cityscape
0.6535087,-0.71306664,../GTA/03_images/07253.png,GTA
-0.7519922,0.5617803,../bdd100k/seg/images/val/923d6a65-e4fe1dae.jpg,BDD
-1.5338932,-0.34859395,../GTA/03_images/08932.png,GTA
-0.92895263,-0.77635676,../cityscape/leftImg8bit/train/bremen/bremen_000268_000019_leftImg8bit.png,cityscape
-1.4552704,0.6159366,../cityscape/leftImg8bit/test/berlin/berlin_000129_000019_leftImg8bit.png,cityscape
1.6713518,-0.09077674,../bdd100k/seg/images/test/ed69cacd-c01c4daf.jpg,BDD
1.1753424,0.91467625,../GTA/03_images/09862.png,GTA
-0.3330859,0.2031544,../GTA/01_images/02188.png,GTA
-1.5411392,-0.3594631,../cityscape/leftImg8bit/test/mainz/mainz_000003_005162_leftImg8bit.png,cityscape
-0.15203942,0.10364813,../cityscape/leftImg8bit/train/cologne/cologne_000153_000019_leftImg8bit.png,cityscape
1.4047736,-0.3938825,../cityscape/leftImg8bit/train/strasbourg/strasbourg_000001_034923_leftImg8bit.png,cityscape
0.086503595,-0.20281354,../bdd100k/seg/images/train/8ee01265-c85164b2.jpg,BDD
0.24330829,0.54550946,../bdd100k/seg/images/test/e5df48ff-664d959b.jpg,BDD
1.2628363,1.4491374,../cityscape/leftImg8bit/train/tubingen/tubingen_000142_000019_leftImg8bit.png,cityscape
-0.9052662,-0.32746443,../bdd100k/seg/images/train/2b50e905-7d6f7ce3.jpg,BDD
1.0511147,0.4440765,../bdd100k/seg/images/val/a0bba133-00000000.jpg,BDD
1.1372311,0.9100288,../GTA/01_images/00299.png,GTA
0.5472665,1.3772162,../bdd100k/seg/images/train/51f97d3e-858a96a7.jpg,BDD
-1.8096615,0.08576555,../GTA/03_images/05385.png,GTA
1.2729145,1.4514277,../cityscape/leftImg8bit/train/ulm/ulm_000021_000019_leftImg8bit.png,cityscape
1.0986824,-0.81082076,../bdd100k/seg/images/train/738df342-eec9a6d4.jpg,BDD
0.3837963,0.13152684,../bdd100k/seg/images/val/7f3656b9-ef39e56d.jpg,BDD
0.59261966,-0.43284646,../cityscape/leftImg8bit/train/tubingen/tubingen_000056_000019_leftImg8bit.png,cityscape
-0.8417593,-0.40069366,../bdd100k/seg/images/train/6fd8a887-27bd22ed.jpg,BDD
-0.12366322,1.5718358,../bdd100k/seg/images/test/b857eb06-460191ac.jpg,BDD
-0.9249736,0.119439684,../GTA/03_images/06872.png,GTA
-0.3513695,0.45539233,../GTA/03_images/06989.png,GTA
1.2702196,-0.5643775,../GTA/03_images/05363.png,GTA
0.4531305,-0.58976007,../GTA/02_images/03722.png,GTA
1.3046362,-0.6848702,../cityscape/leftImg8bit/test/mainz/mainz_000003_003042_leftImg8bit.png,cityscape
-0.4100174,0.24930058,../GTA/03_images/06401.png,GTA
-0.4815804,0.08252355,../cityscape/leftImg8bit/train/strasbourg/strasbourg_000001_051134_leftImg8bit.png,cityscape
1.31729,1.1751857,../bdd100k/seg/images/test/dc72bfe8-be9f4bff.jpg,BDD
0.7718625,0.5246369,../bdd100k/seg/images/train/b87ca2c5-c3c18e68.jpg,BDD
-0.60803336,-0.9848943,../cityscape/leftImg8bit/train/strasbourg/strasbourg_000001_031683_leftImg8bit.png,cityscape
0.7042327,-0.49669656,../cityscape/leftImg8bit/test/mainz/mainz_000003_004576_leftImg8bit.png,cityscape
-0.057047702,0.71386176,../bdd100k/seg/images/train/6d856a6e-a225ef94.jpg,BDD
-0.51453894,0.5973188,../bdd100k/seg/images/train/4fa06b93-1f783439.jpg,BDD
0.19775978,0.68465114,../cityscape/leftImg8bit/val/frankfurt/frankfurt_000001_024927_leftImg8bit.png,cityscape
-0.6711598,1.4255397,../GTA/03_images/06207.png,GTA
1.4643122,0.30042621,../cityscape/leftImg8bit/test/munich/munich_000392_000019_leftImg8bit.png,cityscape
-0.35438365,2.0219152,../GTA/01_images/00259.png,GTA
1.1462901,0.9445652,../GTA/03_images/06080.png,GTA
-0.84428257,-2.0184581,../cityscape/leftImg8bit/train/strasbourg/strasbourg_000001_002216_leftImg8bit.png,cityscape
-0.3383824,0.33493897,../GTA/03_images/09405.png,GTA
-0.8420773,0.27821845,../bdd100k/seg/images/train/3fed0388-c15d6d8b.jpg,BDD
-0.13189207,1.6370649,../bdd100k/seg/images/val/a91b7555-00000160.jpg,BDD
-0.7339144,0.7847053,../bdd100k/seg/images/val/95e6e6b9-18d44667.jpg,BDD
-1.4089844,-0.5427585,../cityscape/leftImg8bit/train/tubingen/tubingen_000044_000019_leftImg8bit.png,cityscape
-1.3243906,-0.45797452,../cityscape/leftImg8bit/test/berlin/berlin_000041_000019_leftImg8bit.png,cityscape
0.35980368,0.10808023,../cityscape/leftImg8bit/train/monchengladbach/monchengladbach_000000_012376_leftImg8bit.png,cityscape
0.57347983,0.9078127,../GTA/03_images/05294.png,GTA
0.7047782,0.32937285,../cityscape/leftImg8bit/test/bielefeld/bielefeld_000000_003080_leftImg8bit.png,cityscape
-0.835824,-0.77872425,../GTA/01_images/02376.png,GTA
-1.4451199,0.4604291,../bdd100k/seg/images/train/60ff4adb-a2fd4b6c.jpg,BDD
-0.8797736,-0.96212506,../GTA/03_images/07390.png,GTA
-1.1067051,0.2395664,../GTA/03_images/06174.png,GTA
-0.42514434,-1.7732369,../GTA/01_images/01958.png,GTA
0.15610826,1.417863,../GTA/03_images/05429.png,GTA
-0.37542376,-0.070182875,../GTA/03_images/06700.png,GTA
0.32742295,1.6213713,../bdd100k/seg/images/val/9e555c8b-a7ee8541.jpg,BDD
1.410029,-0.6952819,../GTA/02_images/04396.png,GTA
0.35334113,-0.047302634,../GTA/01_images/01552.png,GTA
-0.5878086,0.36624524,../bdd100k/seg/images/test/ed57d93e-4f363b63.jpg,BDD
0.56999487,1.055048,../GTA/03_images/05359.png,GTA
-0.8515984,1.1332179,../GTA/01_images/01138.png,GTA
-0.9970771,-1.105861,../cityscape/leftImg8bit/train/strasbourg/strasbourg_000001_045135_leftImg8bit.png,cityscape
-0.25368285,-0.38578388,../cityscape/leftImg8bit/train/tubingen/tubingen_000070_000019_leftImg8bit.png,cityscape
0.29691455,-0.39634308,../cityscape/leftImg8bit/train/stuttgart/stuttgart_000193_000019_leftImg8bit.png,cityscape
-0.18912888,1.7319709,../GTA/03_images/06259.png,GTA
0.96155536,-0.8509061,../cityscape/leftImg8bit/train/bremen/bremen_000008_000019_leftImg8bit.png,cityscape
1.0421709,0.3372988,../bdd100k/seg/images/test/d84ebd3a-c2458327.jpg,BDD
-0.40700224,1.4533926,../bdd100k/seg/images/test/f3c2a926-00000000.jpg,BDD
0.77482116,-0.8091376,../cityscape/leftImg8bit/test/leverkusen/leverkusen_000019_000019_leftImg8bit.png,cityscape
1.0417114,-0.88770217,../GTA/03_images/05772.png,GTA
0.33632153,0.084599465,../cityscape/leftImg8bit/train/krefeld/krefeld_000000_026269_leftImg8bit.png,cityscape
-0.23829895,0.76928455,../cityscape/leftImg8bit/train/zurich/zurich_000108_000019_leftImg8bit.png,cityscape
-1.0692819,0.2236094,../GTA/03_images/05596.png,GTA
-0.70659107,1.5272665,../bdd100k/seg/images/test/e5df7611-00000000.jpg,BDD
0.61533725,-0.6840916,../bdd100k/seg/images/test/e92bd00a-743bf0fb.jpg,BDD
-0.40207404,-0.02783465,../GTA/02_images/03683.png,GTA
-0.5994441,0.10918604,../GTA/02_images/03850.png,GTA
0.21107206,1.3795846,../bdd100k/seg/images/test/e664819d-71ee69dd.jpg,BDD
-1.1589432,-0.6455182,../bdd100k/seg/images/train/6adfe4b9-15b2f9b0.jpg,BDD
0.63331807,0.31196365,../cityscape/leftImg8bit/train/zurich/zurich_000029_000019_leftImg8bit.png,cityscape
-1.0438006,0.41729766,../cityscape/leftImg8bit/train/stuttgart/stuttgart_000013_000019_leftImg8bit.png,cityscape
0.41007838,-0.0051253866,../bdd100k/seg/images/test/f482559d-d3d798d3.jpg,BDD
1.6268005,-0.22056882,../GTA/01_images/00062.png,GTA
-0.8802395,-0.68671256,../bdd100k/seg/images/train/3267cb09-00000000.jpg,BDD
-0.32893693,0.40325525,../bdd100k/seg/images/train/4027c10d-dc2eefb4.jpg,BDD
-1.2925028,-0.6115988,../bdd100k/seg/images/train/00e9be89-00001675.jpg,BDD
-0.73634756,-1.1345395,../cityscape/leftImg8bit/test/berlin/berlin_000472_000019_leftImg8bit.png,cityscape
-0.07455614,0.78061837,../bdd100k/seg/images/train/2a253698-e5d5dcb2.jpg,BDD
-1.6506151,0.25835186,../cityscape/leftImg8bit/val/munster/munster_000051_000019_leftImg8bit.png,cityscape
1.409387,-0.5936715,../bdd100k/seg/images/val/a91b7555-00000200.jpg,BDD
-0.66261506,-0.83574647,../cityscape/leftImg8bit/test/berlin/berlin_000392_000019_leftImg8bit.png,cityscape
-0.7356322,1.2615647,../GTA/02_images/04131.png,GTA
0.64305604,-0.67181116,../GTA/02_images/02770.png,GTA
1.2197036,0.086407684,../bdd100k/seg/images/val/a91b7555-00000365.jpg,BDD
0.962457,0.22761041,../cityscape/leftImg8bit/train/erfurt/erfurt_000050_000019_leftImg8bit.png,cityscape
1.4149985,-0.67089057,../GTA/03_images/07079.png,GTA
0.4825538,-0.119998336,../bdd100k/seg/images/test/d6bf9e05-011a5d9f.jpg,BDD
-0.86860174,-1.2817533,../GTA/03_images/08178.png,GTA
-0.9157785,-1.4044795,../cityscape/leftImg8bit/train/bochum/bochum_000000_024717_leftImg8bit.png,cityscape
1.434048,-0.59181654,../bdd100k/seg/images/train/771df318-08959e47.jpg,BDD
-0.27041885,-0.22086468,../cityscape/leftImg8bit/val/frankfurt/frankfurt_000001_048355_leftImg8bit.png,cityscape
0.26770818,-0.26570097,../cityscape/leftImg8bit/test/munich/munich_000351_000019_leftImg8bit.png,cityscape
0.45201412,0.07793453,../bdd100k/seg/images/test/f2b7f1db-00000000.jpg,BDD
-0.18630463,-0.30601883,../GTA/02_images/02905.png,GTA
-0.91637415,0.40805793,../cityscape/leftImg8bit/train/zurich/zurich_000092_000019_leftImg8bit.png,cityscape
-1.0892868,0.24936655,../GTA/03_images/09529.png,GTA
1.3540533,-0.13472681,../cityscape/leftImg8bit/train/bochum/bochum_000000_006026_leftImg8bit.png,cityscape
-0.7748313,-1.7899164,../GTA/03_images/07323.png,GTA
0.53658175,1.0374095,../GTA/02_images/04952.png,GTA
-0.14536864,0.41388276,../GTA/02_images/02795.png,GTA
0.5644544,0.95537174,../GTA/03_images/09458.png,GTA
1.5422275,-0.7481062,../bdd100k/seg/images/test/ec50cd9b-37c7b4b8.jpg,BDD
0.5068655,0.2160799,../bdd100k/seg/images/test/e26a68a5-f79a7ff6.jpg,BDD
-0.9772136,-0.13760191,../cityscape/leftImg8bit/test/bielefeld/bielefeld_000000_056603_leftImg8bit.png,cityscape
1.5182558,-0.66567004,../GTA/03_images/07813.png,GTA
0.90649754,-0.74391675,../GTA/02_images/03552.png,GTA
-0.3448612,-1.7642691,../cityscape/leftImg8bit/test/bielefeld/bielefeld_000000_060786_leftImg8bit.png,cityscape
1.2199454,0.7470385,../bdd100k/seg/images/val/86d7177b-5172a1bf.jpg,BDD
-0.38423645,0.064128,../bdd100k/seg/images/test/af4bcae9-00000000.jpg,BDD
1.3891515,-0.56731814,../bdd100k/seg/images/train/744d7642-e4faaa25.jpg,BDD
-0.15893744,0.22991848,../bdd100k/seg/images/train/a1a42dcd-daa8d404.jpg,BDD
-0.33011645,0.15539613,../bdd100k/seg/images/train/71b328f8-02e64f3c.jpg,BDD
1.5325669,-0.5978669,../cityscape/leftImg8bit/test/munich/munich_000389_000019_leftImg8bit.png,cityscape
-1.5396072,-0.5238941,../cityscape/leftImg8bit/train/hanover/hanover_000000_009004_leftImg8bit.png,cityscape
1.1407332,1.0357312,../bdd100k/seg/images/test/dc103ccf-a004c12b.jpg,BDD
-1.4429221,0.32397735,../cityscape/leftImg8bit/train/jena/jena_000067_000019_leftImg8bit.png,cityscape
-1.649589,-0.36823478,../cityscape/leftImg8bit/train/strasbourg/strasbourg_000001_027097_leftImg8bit.png,cityscape
-0.15637724,1.7856587,../bdd100k/seg/images/train/4f855a42-db4c2078.jpg,BDD
-0.048214804,1.4520581,../GTA/01_images/00307.png,GTA
0.25209567,-0.14393005,../bdd100k/seg/images/train/4f8a10d3-ba5b0001.jpg,BDD
-0.20206876,1.3846691,../GTA/03_images/07454.png,GTA
1.589807,-0.13643551,../GTA/03_images/05636.png,GTA
-0.8683183,-0.82933664,../GTA/01_images/01894.png,GTA
-0.41253638,1.7598552,../bdd100k/seg/images/train/047e715f-3e4790fd.jpg,BDD
1.2236425,-0.63012534,../cityscape/leftImg8bit/train/stuttgart/stuttgart_000117_000019_leftImg8bit.png,cityscape
-0.37788668,1.4593049,../bdd100k/seg/images/val/91368b32-dd559718.jpg,BDD
-0.18747896,1.6028959,../bdd100k/seg/images/train/18b78953-52b46a11.jpg,BDD
0.11161524,1.3351973,../bdd100k/seg/images/train/2affd97c-350d6c87.jpg,BDD
-0.560177,-0.7579717,../bdd100k/seg/images/val/a11db300-40f557ff.jpg,BDD
1.0941772,0.71188885,../bdd100k/seg/images/train/8c4aa33b-5e0a838c.jpg,BDD
0.33167985,-0.7385475,../bdd100k/seg/images/test/d308674c-82e7465d.jpg,BDD
-0.05659114,0.07798567,../bdd100k/seg/images/train/7023e3a7-d9ccd3a4.jpg,BDD
0.5526586,1.2675544,../bdd100k/seg/images/train/711fd124-da8dd292.jpg,BDD
0.35368127,-0.17849305,../bdd100k/seg/images/train/325a8deb-f6a3d569.jpg,BDD
-0.8255991,-1.8977607,../bdd100k/seg/images/train/1ed883b8-80bb388d.jpg,BDD
-0.4466959,-0.10902464,../GTA/03_images/06787.png,GTA
0.8259361,-0.8955164,../GTA/01_images/01024.png,GTA
1.2021858,0.27345282,../GTA/01_images/00151.png,GTA
0.7159032,0.8981918,../bdd100k/seg/images/train/3f8bc7a4-cba11c8b.jpg,BDD
1.032064,0.7208086,../GTA/03_images/07589.png,GTA
0.48764494,-0.7516845,../GTA/03_images/07509.png,GTA
0.6319346,-1.2085797,../cityscape/leftImg8bit/val/munster/munster_000017_000019_leftImg8bit.png,cityscape
-0.33700922,-1.749609,../GTA/03_images/08968.png,GTA
-0.55974805,-0.3687049,../bdd100k/seg/images/train/5f689685-93bb55d4.jpg,BDD
0.1282858,-0.6575226,../bdd100k/seg/images/train/40eab984-00000000.jpg,BDD
-1.1115241,-0.1703616,../GTA/02_images/02820.png,GTA
-0.7148371,0.8948518,../GTA/01_images/00706.png,GTA
-0.14987332,0.46500564,../GTA/03_images/08844.png,GTA
0.41448295,-1.2353103,../cityscape/leftImg8bit/test/berlin/berlin_000387_000019_leftImg8bit.png,cityscape
0.5908824,-1.1163025,../cityscape/leftImg8bit/train/bochum/bochum_000000_006746_leftImg8bit.png,cityscape
-1.5573325,-0.1512311,../cityscape/leftImg8bit/train/bochum/bochum_000000_016591_leftImg8bit.png,cityscape
0.2632946,1.1120108,../cityscape/leftImg8bit/val/frankfurt/frankfurt_000001_073911_leftImg8bit.png,cityscape
-0.93982,-0.089402355,../cityscape/leftImg8bit/test/bielefeld/bielefeld_000000_038924_leftImg8bit.png,cityscape
1.5498992,-0.72809416,../cityscape/leftImg8bit/val/munster/munster_000054_000019_leftImg8bit.png,cityscape
0.46447128,0.08368157,../bdd100k/seg/images/test/e64f5de7-77765abf.jpg,BDD
0.08386084,-0.4184439,../bdd100k/seg/images/train/52407592-00000000.jpg,BDD
-0.49041963,-1.3913902,../bdd100k/seg/images/test/f5fce005-00000025.jpg,BDD
0.53849673,0.95159113,../bdd100k/seg/images/train/62fc466a-73b83086.jpg,BDD
-0.17317617,0.33188504,../bdd100k/seg/images/val/8ab55ec6-b34eeff9.jpg,BDD
1.3250387,-0.04178462,../cityscape/leftImg8bit/train/dusseldorf/dusseldorf_000039_000019_leftImg8bit.png,cityscape
1.1776987,0.8821352,../bdd100k/seg/images/val/87b18bd2-00000000.jpg,BDD
1.2638551,1.0388521,../GTA/03_images/07735.png,GTA
0.44882098,0.0308905,../cityscape/leftImg8bit/train/bremen/bremen_000126_000019_leftImg8bit.png,cityscape
1.1381961,0.5762094,../cityscape/leftImg8bit/train/weimar/weimar_000079_000019_leftImg8bit.png,cityscape
-0.9068035,-2.361358,../bdd100k/seg/images/train/3ba2064f-8744ccd9.jpg,BDD
-1.670195,0.13569759,../cityscape/leftImg8bit/test/munich/munich_000038_000019_leftImg8bit.png,cityscape
-0.09363949,1.5011017,../GTA/03_images/09592.png,GTA
0.68675816,-0.96646166,../GTA/03_images/06791.png,GTA
0.46883333,0.12636212,../bdd100k/seg/images/train/636e1090-2fce0000.jpg,BDD
-0.66346776,0.5176946,../bdd100k/seg/images/val/a91b7555-00000915.jpg,BDD
0.9744422,-0.7252662,../bdd100k/seg/images/train/0066b72f-974f6883.jpg,BDD
0.6527114,-0.99338174,../cityscape/leftImg8bit/test/mainz/mainz_000000_001857_leftImg8bit.png,cityscape
-1.1116582,-0.09733264,../GTA/02_images/03726.png,GTA
-0.33669987,-0.036112018,../bdd100k/seg/images/test/e3fc0526-37ab0000.jpg,BDD
-0.4146066,-1.0714588,../GTA/03_images/08952.png,GTA
0.24703813,-0.3442494,../cityscape/leftImg8bit/test/bielefeld/bielefeld_000000_044085_leftImg8bit.png,cityscape
1.406987,-0.69463843,../GTA/01_images/00997.png,GTA
1.19928,0.23320189,../GTA/02_images/03037.png,GTA
0.307725,-0.6984207,../cityscape/leftImg8bit/train/strasbourg/strasbourg_000000_008603_leftImg8bit.png,cityscape
-1.4359592,0.55439955,../cityscape/leftImg8bit/train/erfurt/erfurt_000057_000019_leftImg8bit.png,cityscape
-0.4290641,-0.11244839,../GTA/01_images/02431.png,GTA
0.46436393,-0.7549546,../bdd100k/seg/images/train/1fe954fc-4516b71d.jpg,BDD
-0.15797867,1.513654,../GTA/03_images/05301.png,GTA
-0.32268715,0.20444955,../GTA/02_images/02729.png,GTA
0.6180196,-0.7452788,../GTA/02_images/04670.png,GTA
-0.3743028,1.179186,../cityscape/leftImg8bit/train/zurich/zurich_000028_000019_leftImg8bit.png,cityscape
-0.573527,0.0700648,../bdd100k/seg/images/train/97d88499-344c185b.jpg,BDD
-0.5829087,0.1286682,../bdd100k/seg/images/train/6f87b692-da34b51e.jpg,BDD
0.7111853,-0.4487655,../bdd100k/seg/images/train/6f7fd721-5f690fdd.jpg,BDD
-0.7637479,1.5302303,../GTA/03_images/07771.png,GTA
-0.8126454,-1.5267136,../cityscape/leftImg8bit/test/mainz/mainz_000003_001465_leftImg8bit.png,cityscape
-0.6169093,0.5390149,../GTA/02_images/03802.png,GTA
-0.858279,-1.579036,../cityscape/leftImg8bit/val/frankfurt/frankfurt_000001_007407_leftImg8bit.png,cityscape
-0.73711544,-1.5135851,../bdd100k/seg/images/train/bd1e4e5b-2a9ffc3f.jpg,BDD
0.2687876,-0.27316585,../cityscape/leftImg8bit/test/berlin/berlin_000287_000019_leftImg8bit.png,cityscape
-0.42360172,-1.3662083,../GTA/03_images/07314.png,GTA
0.6492376,-0.52018446,../cityscape/leftImg8bit/train/dusseldorf/dusseldorf_000110_000019_leftImg8bit.png,cityscape
-0.0023368225,1.4012495,../cityscape/leftImg8bit/train/hanover/hanover_000000_046200_leftImg8bit.png,cityscape
1.1810521,1.1537201,../GTA/03_images/06474.png,GTA
-1.3496344,-0.5912083,../cityscape/leftImg8bit/train/strasbourg/strasbourg_000000_035713_leftImg8bit.png,cityscape
-0.5642762,-1.232916,../cityscape/leftImg8bit/train/tubingen/tubingen_000030_000019_leftImg8bit.png,cityscape
-1.0514554,-0.6425039,../bdd100k/seg/images/test/d46b92ca-96deb878.jpg,BDD
-0.6235996,0.5584099,../cityscape/leftImg8bit/train/monchengladbach/monchengladbach_000000_029526_leftImg8bit.png,cityscape
-0.58938575,-0.22562478,../GTA/02_images/04522.png,GTA
1.0355933,-0.8399332,../GTA/02_images/04144.png,GTA
1.4871167,0.2740721,../GTA/02_images/02989.png,GTA
0.28467843,0.28005785,../bdd100k/seg/images/val/89f27493-00000000.jpg,BDD
-1.2284489,0.1844767,../cityscape/leftImg8bit/train/jena/jena_000089_000019_leftImg8bit.png,cityscape
-1.671579,-0.03026501,../cityscape/leftImg8bit/train/zurich/zurich_000113_000019_leftImg8bit.png,cityscape
-1.5269605,0.31944335,../GTA/03_images/08627.png,GTA
1.6707703,-0.09645637,../bdd100k/seg/images/test/e3502587-fab6ee91.jpg,BDD
-0.32464236,0.8226441,../bdd100k/seg/images/train/440f0753-a07e0df1.jpg,BDD
1.3495402,-0.25866574,../bdd100k/seg/images/val/8538f924-24a6d5ad.jpg,BDD
1.3047173,1.1722264,../GTA/01_images/00866.png,GTA
-0.51535946,-1.742386,../bdd100k/seg/images/train/c3130621-11b84f78.jpg,BDD
-1.0959023,-0.19184941,../GTA/01_images/01901.png,GTA
1.374962,0.4136154,../GTA/01_images/00224.png,GTA
0.23886916,0.06571149,../GTA/03_images/06359.png,GTA
0.10532152,0.16555487,../cityscape/leftImg8bit/test/berlin/berlin_000301_000019_leftImg8bit.png,cityscape
0.8646372,-0.3449012,../cityscape/leftImg8bit/train/krefeld/krefeld_000000_023143_leftImg8bit.png,cityscape
-0.40329364,-1.6001645,../bdd100k/seg/images/train/82a8a2db-a581e53c.jpg,BDD
-0.34147295,0.52759856,../cityscape/leftImg8bit/test/munich/munich_000189_000019_leftImg8bit.png,cityscape
1.1995435,0.772525,../cityscape/leftImg8bit/train/hanover/hanover_000000_007780_leftImg8bit.png,cityscape
-0.46013573,-1.200939,../cityscape/leftImg8bit/test/berlin/berlin_000342_000019_leftImg8bit.png,cityscape
-0.59920615,-1.0656103,../GTA/02_images/03269.png,GTA
0.0036742599,-1.1454571,../GTA/02_images/02851.png,GTA
-0.30128613,-0.5146231,../cityscape/leftImg8bit/train/bochum/bochum_000000_023435_leftImg8bit.png,cityscape
-0.16608387,1.533573,../bdd100k/seg/images/train/2cbaf528-ed95052e.jpg,BDD
0.17913033,1.2298539,../bdd100k/seg/images/train/1334859b-b87436bc.jpg,BDD
0.14280124,0.16979891,../cityscape/leftImg8bit/val/munster/munster_000120_000019_leftImg8bit.png,cityscape
0.3799757,0.034180954,../GTA/01_images/01386.png,GTA
-0.7410698,0.8586661,../GTA/03_images/07984.png,GTA
-0.051383235,-0.35961264,../GTA/01_images/02146.png,GTA
-1.5703831,0.22171214,../cityscape/leftImg8bit/train/bochum/bochum_000000_019188_leftImg8bit.png,cityscape
-0.73306483,0.6906046,../GTA/02_images/02983.png,GTA
1.1813163,1.0160041,../bdd100k/seg/images/test/cc74e071-e232182f.jpg,BDD
-0.423226,0.105714194,../bdd100k/seg/images/train/28e71ebe-b4729a0b.jpg,BDD
-1.4834417,-0.44870436,../cityscape/leftImg8bit/train/cologne/cologne_000070_000019_leftImg8bit.png,cityscape
0.8906693,-0.7546519,../bdd100k/seg/images/train/2be4e417-035ff122.jpg,BDD
-0.15520911,-1.0648174,../cityscape/leftImg8bit/train/cologne/cologne_000026_000019_leftImg8bit.png,cityscape
0.932898,-0.8286969,../bdd100k/seg/images/train/9f09c4ee-b09fd242.jpg,BDD
-1.4171993,-0.11739887,../cityscape/leftImg8bit/train/bremen/bremen_000025_000019_leftImg8bit.png,cityscape
-1.3633423,-0.3756232,../bdd100k/seg/images/train/77047ecb-1cb1e8d9.jpg,BDD
-0.70389444,1.5535519,../cityscape/leftImg8bit/test/berlin/berlin_000159_000019_leftImg8bit.png,cityscape
0.4471702,0.7026294,../GTA/03_images/07542.png,GTA
1.3511403,-0.54521537,../bdd100k/seg/images/train/0fa741ce-76dbb843.jpg,BDD
-0.2363261,1.4166615,../GTA/03_images/05283.png,GTA
1.4386966,0.14106497,../bdd100k/seg/images/train/2f31ec89-7c6d9cb0.jpg,BDD
0.68322843,0.20506941,../bdd100k/seg/images/val/80d076fe-4bba34cb.jpg,BDD
0.06679668,1.4817783,../bdd100k/seg/images/val/8ce85c91-eff98517.jpg,BDD
-0.29188737,0.85903555,../GTA/02_images/02887.png,GTA
-0.22837183,-0.3210286,../bdd100k/seg/images/train/4012903a-ef0ce742.jpg,BDD
-0.75771874,-0.13893954,../GTA/02_images/02535.png,GTA
0.9697802,-0.58312947,../bdd100k/seg/images/train/927eb28c-78d4a5a5.jpg,BDD
-0.11695196,0.8677082,../bdd100k/seg/images/val/a922155e-5d8e82f9.jpg,BDD
1.604161,-0.73095137,../cityscape/leftImg8bit/train/strasbourg/strasbourg_000000_000065_leftImg8bit.png,cityscape
1.2477388,0.16893035,../bdd100k/seg/images/train/4454c9b2-e55411a6.jpg,BDD
1.0820869,-0.2085252,../GTA/01_images/01321.png,GTA
1.3492616,1.1971592,../bdd100k/seg/images/test/ced813cc-480d1c0c.jpg,BDD
-0.038432542,0.74382263,../bdd100k/seg/images/train/b7b132fc-ba819254.jpg,BDD
0.4194635,0.23546171,../cityscape/leftImg8bit/train/monchengladbach/monchengladbach_000000_017950_leftImg8bit.png,cityscape
-0.78784925,-0.086909235,../GTA/02_images/04574.png,GTA
0.55531377,-0.13361546,../cityscape/leftImg8bit/train/hamburg/hamburg_000000_050160_leftImg8bit.png,cityscape
-0.39376885,1.744178,../cityscape/leftImg8bit/train/bremen/bremen_000141_000019_leftImg8bit.png,cityscape
-1.6916944,0.29987735,../cityscape/leftImg8bit/test/munich/munich_000099_000019_leftImg8bit.png,cityscape
-0.16434208,1.4521108,../GTA/03_images/05358.png,GTA
0.29650387,0.4554751,../cityscape/leftImg8bit/train/hamburg/hamburg_000000_070334_leftImg8bit.png,cityscape
1.2084635,1.1814225,../cityscape/leftImg8bit/val/munster/munster_000135_000019_leftImg8bit.png,cityscape
1.3627064,-0.7034007,../GTA/03_images/06500.png,GTA
-0.2564832,-1.2748015,../cityscape/leftImg8bit/test/bielefeld/bielefeld_000000_009728_leftImg8bit.png,cityscape
0.48042265,-0.9269636,../GTA/02_images/04479.png,GTA
0.6067649,-1.1091155,../cityscape/leftImg8bit/train/cologne/cologne_000068_000019_leftImg8bit.png,cityscape
1.592106,-0.1176178,../GTA/02_images/02988.png,GTA
1.3766937,0.22684887,../cityscape/leftImg8bit/test/munich/munich_000381_000019_leftImg8bit.png,cityscape
-0.5154365,1.5955334,../GTA/01_images/01558.png,GTA
-0.6898977,1.2235403,../cityscape/leftImg8bit/test/berlin/berlin_000122_000019_leftImg8bit.png,cityscape
-0.63036376,0.091145925,../GTA/03_images/05763.png,GTA
1.2594545,1.0242386,../bdd100k/seg/images/train/90ea4f91-8c13f832.jpg,BDD
-0.1811379,-0.2278976,../GTA/01_images/00080.png,GTA
-0.23048092,1.6608063,../bdd100k/seg/images/test/dbcc8775-d0c09302.jpg,BDD
-0.65947634,-1.3219463,../GTA/01_images/00400.png,GTA
1.1468368,1.04343,../bdd100k/seg/images/train/9aeeef4a-14e90f30.jpg,BDD
-0.12193953,1.6045736,../GTA/03_images/09988.png,GTA
0.54630953,0.88311434,../GTA/01_images/01544.png,GTA
-1.0685849,0.47819284,../GTA/02_images/02556.png,GTA
1.3758885,-0.27682975,../bdd100k/seg/images/train/1552f26f-00000000.jpg,BDD
1.2325469,1.0137911,../bdd100k/seg/images/test/b8b0554a-ecca297f.jpg,BDD
-0.8460803,0.25899652,../bdd100k/seg/images/train/c644e81b-d8e6dcc0.jpg,BDD
-0.52000135,0.0119174225,../GTA/02_images/03264.png,GTA
-1.6123586,-0.020293618,../bdd100k/seg/images/train/b535fb0a-845db498.jpg,BDD
-0.2812651,1.7921273,../GTA/01_images/00188.png,GTA
0.18790956,-0.43417543,../cityscape/leftImg8bit/val/frankfurt/frankfurt_000001_082087_leftImg8bit.png,cityscape
-0.22608522,-0.25318462,../bdd100k/seg/images/train/4f117b24-031ca0dd.jpg,BDD
1.2212552,1.1421049,../cityscape/leftImg8bit/test/bonn/bonn_000033_000019_leftImg8bit.png,cityscape
0.2791309,1.6897581,../GTA/03_images/08157.png,GTA
-0.5526745,-0.79626024,../bdd100k/seg/images/train/c9b82f4e-fd73af29.jpg,BDD
0.77822363,-0.29261005,../cityscape/leftImg8bit/test/munich/munich_000287_000019_leftImg8bit.png,cityscape
-0.33489147,0.18836822,../cityscape/leftImg8bit/val/munster/munster_000092_000019_leftImg8bit.png,cityscape
-1.6503888,0.101302885,../cityscape/leftImg8bit/train/dusseldorf/dusseldorf_000131_000019_leftImg8bit.png,cityscape
0.5736561,-1.2215549,../cityscape/leftImg8bit/train/monchengladbach/monchengladbach_000000_007851_leftImg8bit.png,cityscape
-0.16658789,-0.37004253,../bdd100k/seg/images/train/0a6b4a7c-842bfdae.jpg,BDD
0.57551783,-0.5874734,../GTA/02_images/03966.png,GTA
0.7110755,-1.0041442,../GTA/03_images/06410.png,GTA
-1.0463496,0.8718222,../bdd100k/seg/images/train/b51aa35f-672053a6.jpg,BDD
-0.38350764,1.897125,../GTA/03_images/07917.png,GTA
0.10335636,-0.80525684,../bdd100k/seg/images/test/daeb5cc2-ceb98507.jpg,BDD
-0.10723495,0.56003714,../GTA/01_images/00493.png,GTA
0.3265933,-0.32695323,../cityscape/leftImg8bit/test/bielefeld/bielefeld_000000_063939_leftImg8bit.png,cityscape
-1.5293645,-0.3489448,../cityscape/leftImg8bit/train/jena/jena_000072_000019_leftImg8bit.png,cityscape
-1.5702493,0.0626466,../cityscape/leftImg8bit/train/cologne/cologne_000031_000019_leftImg8bit.png,cityscape
-0.8474999,-1.9278458,../GTA/01_images/02087.png,GTA
-0.7001699,0.28388208,../GTA/02_images/04014.png,GTA
-0.36041886,0.22459468,../GTA/03_images/05014.png,GTA
1.1551611,1.0916632,../cityscape/leftImg8bit/train/weimar/weimar_000022_000019_leftImg8bit.png,cityscape
1.4611907,-0.16791022,../bdd100k/seg/images/val/a91b7555-00000870.jpg,BDD
0.38123676,-0.9647968,../bdd100k/seg/images/train/7238b169-c3aebcfe.jpg,BDD
-0.14858168,1.2797252,../cityscape/leftImg8bit/train/aachen/aachen_000022_000019_leftImg8bit.png,cityscape
-0.89134586,-2.3479702,../bdd100k/seg/images/train/4a1511bc-9facb247.jpg,BDD
0.16713348,1.0879978,../cityscape/leftImg8bit/train/bremen/bremen_000057_000019_leftImg8bit.png,cityscape
0.96984774,-0.8730692,../GTA/02_images/03637.png,GTA
-1.482578,0.56520104,../cityscape/leftImg8bit/train/bremen/bremen_000305_000019_leftImg8bit.png,cityscape
-1.5348073,0.42904028,../cityscape/leftImg8bit/train/strasbourg/strasbourg_000000_015764_leftImg8bit.png,cityscape
1.0795528,-0.4746666,../bdd100k/seg/images/test/d3e7e04b-26565af6.jpg,BDD
-0.7081461,1.2743322,../cityscape/leftImg8bit/test/berlin/berlin_000373_000019_leftImg8bit.png,cityscape
-0.9073906,-2.3564396,../bdd100k/seg/images/train/00e9be89-00001055.jpg,BDD
-0.3033553,2.1226013,../cityscape/leftImg8bit/train/dusseldorf/dusseldorf_000133_000019_leftImg8bit.png,cityscape
0.10513931,1.41717,../cityscape/leftImg8bit/test/munich/munich_000321_000019_leftImg8bit.png,cityscape
0.24526168,1.582836,../bdd100k/seg/images/train/0c6c9c66-5e867ddf.jpg,BDD
1.4458846,-0.572268,../bdd100k/seg/images/train/c8ed82f7-fe694d2f.jpg,BDD
-0.33734575,0.7091091,../bdd100k/seg/images/train/4ec1bd82-814b3df6.jpg,BDD
1.4106909,0.6920871,../cityscape/leftImg8bit/val/lindau/lindau_000039_000019_leftImg8bit.png,cityscape
1.1065713,0.5765236,../cityscape/leftImg8bit/train/tubingen/tubingen_000092_000019_leftImg8bit.png,cityscape
-0.38238615,1.4204195,../bdd100k/seg/images/train/04e9acbd-b921e2a5.jpg,BDD
-0.2175729,-0.2522188,../bdd100k/seg/images/test/c8add6c2-00000000.jpg,BDD
-1.1131564,0.25035167,../cityscape/leftImg8bit/train/erfurt/erfurt_000076_000019_leftImg8bit.png,cityscape
-0.46008316,0.5620981,../bdd100k/seg/images/test/ce318fc1-e6dd593e.jpg,BDD
-0.21528588,1.5617832,../GTA/02_images/04493.png,GTA
-1.2817214,-0.6345609,../GTA/03_images/09772.png,GTA
0.34578195,-0.71992654,../GTA/02_images/03727.png,GTA
-0.51992047,1.2432913,../GTA/03_images/05546.png,GTA
-0.9023452,-2.2781518,../GTA/03_images/05004.png,GTA
-1.5338655,0.2382736,../GTA/03_images/05242.png,GTA
-1.0997286,0.05671486,../GTA/01_images/01650.png,GTA
-0.67822593,0.4595745,../bdd100k/seg/images/val/857308ee-ede3c311.jpg,BDD
1.6763828,-0.07895569,../cityscape/leftImg8bit/train/strasbourg/strasbourg_000001_057517_leftImg8bit.png,cityscape
1.5250759,0.28294125,../bdd100k/seg/images/train/31d351e6-ce421e40.jpg,BDD
1.6746124,-0.04666967,../cityscape/leftImg8bit/test/mainz/mainz_000001_004132_leftImg8bit.png,cityscape
-0.75959146,0.83573294,../cityscape/leftImg8bit/train/tubingen/tubingen_000031_000019_leftImg8bit.png,cityscape
0.0512122,0.71578085,../cityscape/leftImg8bit/train/aachen/aachen_000053_000019_leftImg8bit.png,cityscape
-1.3346659,-0.3008995,../GTA/03_images/05690.png,GTA
-0.3071357,-0.6544234,../bdd100k/seg/images/val/8641f2f1-94e96aaa.jpg,BDD
0.7799091,0.87505907,../bdd100k/seg/images/train/aadd2a9c-9478b53b.jpg,BDD
0.38479847,-0.050854415,../GTA/01_images/01765.png,GTA
1.1847768,0.70968217,../GTA/03_images/06380.png,GTA
1.2156777,-0.64836,../cityscape/leftImg8bit/train/tubingen/tubingen_000060_000019_leftImg8bit.png,cityscape
-0.3891309,1.7045584,../GTA/01_images/00275.png,GTA
0.41763487,-0.7460869,../bdd100k/seg/images/train/04a328c5-7d9c636f.jpg,BDD
0.26402465,-0.43575165,../bdd100k/seg/images/train/8ee48b61-a9ab1674.jpg,BDD
-1.7168288,0.25227892,../cityscape/leftImg8bit/test/munich/munich_000145_000019_leftImg8bit.png,cityscape
-1.0415695,0.15042004,../GTA/03_images/08939.png,GTA
1.2292272,0.9507431,../cityscape/leftImg8bit/val/frankfurt/frankfurt_000001_012699_leftImg8bit.png,cityscape
-0.38727066,1.891392,../GTA/03_images/06089.png,GTA
-0.46271223,0.7202118,../bdd100k/seg/images/train/06293e61-89661836.jpg,BDD
0.418397,0.80408734,../bdd100k/seg/images/train/0886e393-b1f191a5.jpg,BDD
-0.21112207,0.0979993,../GTA/02_images/02762.png,GTA
-0.18404692,1.6760595,../GTA/01_images/00808.png,GTA
-0.18051879,-0.32345465,../bdd100k/seg/images/train/8ed1a7f8-c5df4b30.jpg,BDD
0.92074543,-0.8601764,../GTA/01_images/01703.png,GTA
0.9002862,0.45545322,../cityscape/leftImg8bit/train/monchengladbach/monchengladbach_000000_026006_leftImg8bit.png,cityscape
0.8046607,0.349778,../bdd100k/seg/images/train/5e935df4-88f5341c.jpg,BDD
-1.3432249,-0.14766839,../cityscape/leftImg8bit/test/mainz/mainz_000000_002212_leftImg8bit.png,cityscape
0.23117122,1.3531542,../GTA/02_images/04875.png,GTA
-1.501657,0.05652948,../cityscape/leftImg8bit/test/munich/munich_000296_000019_leftImg8bit.png,cityscape
-0.5382019,0.5562711,../bdd100k/seg/images/train/7390ba06-b1ceb2ce.jpg,BDD
-0.8258706,-2.445828,../bdd100k/seg/images/train/08c0f170-382ccfbb.jpg,BDD
-0.27653903,-1.6097381,../bdd100k/seg/images/train/130a2a49-03f7f2b7.jpg,BDD
0.48196068,-1.0221089,../GTA/03_images/05042.png,GTA
-0.3739996,0.92618906,../bdd100k/seg/images/test/d0647412-e79e782e.jpg,BDD
-0.36007506,-0.20301382,../GTA/01_images/01204.png,GTA
0.47660378,0.7881104,../bdd100k/seg/images/val/9b35ae98-6c105604.jpg,BDD
0.1773054,-0.4060362,../cityscape/leftImg8bit/test/berlin/berlin_000291_000019_leftImg8bit.png,cityscape
0.9085983,-0.86166596,../GTA/01_images/01044.png,GTA
-0.5516771,-1.472881,../bdd100k/seg/images/test/fc7ebe61-bd2cfe49.jpg,BDD
-0.32738435,-1.6382542,../cityscape/leftImg8bit/test/mainz/mainz_000001_011785_leftImg8bit.png,cityscape
-0.49227637,0.14617568,../GTA/03_images/05793.png,GTA
0.10009169,1.4416355,../bdd100k/seg/images/train/42bbe327-00000000.jpg,BDD
-1.3329315,-0.2873633,../GTA/03_images/09176.png,GTA
-0.026945153,0.26835144,../bdd100k/seg/images/train/285e05af-7c8d076c.jpg,BDD
0.7211163,0.021917561,../bdd100k/seg/images/train/353c68ef-d95e98bb.jpg,BDD
1.078106,0.91290957,../bdd100k/seg/images/train/6e2b389d-8d1d1e54.jpg,BDD
1.5283191,-0.5433826,../cityscape/leftImg8bit/train/hanover/hanover_000000_034015_leftImg8bit.png,cityscape
-0.85630494,-1.6010077,../cityscape/leftImg8bit/val/frankfurt/frankfurt_000001_055538_leftImg8bit.png,cityscape
-1.3936205,-0.58331436,../cityscape/leftImg8bit/test/bielefeld/bielefeld_000000_027586_leftImg8bit.png,cityscape
0.66846985,0.3911855,../GTA/02_images/03715.png,GTA
0.73424196,-0.8823189,../bdd100k/seg/images/test/cee1c4e3-5c51f0f5.jpg,BDD
0.32430103,-1.2577759,../cityscape/leftImg8bit/val/frankfurt/frankfurt_000001_048654_leftImg8bit.png,cityscape
0.3453515,0.7018456,../cityscape/leftImg8bit/train/cologne/cologne_000017_000019_leftImg8bit.png,cityscape
-1.5029782,-0.47416407,../GTA/03_images/08183.png,GTA
-0.60005885,0.17624135,../GTA/02_images/02969.png,GTA
-1.0937941,0.41074878,../bdd100k/seg/images/train/3f715add-d20416d8.jpg,BDD
-0.37513632,-1.7824585,../cityscape/leftImg8bit/test/munich/munich_000239_000019_leftImg8bit.png,cityscape
0.21939573,-0.17563066,../bdd100k/seg/images/test/b3e93770-00000000.jpg,BDD
-0.66346186,-0.4090133,../bdd100k/seg/images/train/742be64f-5fc80001.jpg,BDD
-0.049624234,0.7071705,../GTA/01_images/01107.png,GTA
-1.4709309,-0.54471904,../GTA/03_images/08682.png,GTA
-0.39868733,-0.5761041,../bdd100k/seg/images/train/41b44acb-00000000.jpg,BDD
-0.73274785,0.2855355,../cityscape/leftImg8bit/train/strasbourg/strasbourg_000001_001072_leftImg8bit.png,cityscape
0.8285441,-0.5905896,../cityscape/leftImg8bit/train/strasbourg/strasbourg_000001_062362_leftImg8bit.png,cityscape
0.15046696,-0.9240156,../bdd100k/seg/images/train/2fd79f6e-8348aac9.jpg,BDD
-0.032540057,0.82604164,../GTA/02_images/04317.png,GTA
1.2358751,-0.5499074,../bdd100k/seg/images/train/58674924-00000000.jpg,BDD
1.4964256,0.19452901,../cityscape/leftImg8bit/test/berlin/berlin_000177_000019_leftImg8bit.png,cityscape
-1.59286,0.19780377,../bdd100k/seg/images/test/e6cdde45-3e91bdb2.jpg,BDD
0.4389028,1.1072696,../GTA/03_images/06668.png,GTA
0.46426758,0.15265235,../GTA/02_images/04074.png,GTA
-0.86719394,-1.4080483,../GTA/03_images/09900.png,GTA
1.3705715,0.21267872,../cityscape/leftImg8bit/test/munich/munich_000288_000019_leftImg8bit.png,cityscape
-0.51658744,-0.9286467,../GTA/02_images/03755.png,GTA
1.2200433,0.37045217,../GTA/03_images/05836.png,GTA
-0.93355113,-1.3573846,../cityscape/leftImg8bit/val/frankfurt/frankfurt_000001_066832_leftImg8bit.png,cityscape
0.9277636,1.0474379,../cityscape/leftImg8bit/test/leverkusen/leverkusen_000027_000019_leftImg8bit.png,cityscape
-0.23110263,0.2304727,../cityscape/leftImg8bit/train/cologne/cologne_000089_000019_leftImg8bit.png,cityscape
-1.6560463,0.26512238,../cityscape/leftImg8bit/train/aachen/aachen_000004_000019_leftImg8bit.png,cityscape
1.1143241,0.62000006,../GTA/02_images/03006.png,GTA
-0.39679143,-0.061000362,../GTA/01_images/02223.png,GTA
-0.749855,-1.634955,../GTA/02_images/04227.png,GTA
-1.2366245,-0.69826233,../bdd100k/seg/images/test/e54a4bf9-a6f2ae4a.jpg,BDD
-0.8546355,-1.9762696,../GTA/01_images/00555.png,GTA
-0.46317944,-0.756026,../GTA/01_images/01682.png,GTA
-0.3642979,0.2924448,../cityscape/leftImg8bit/train/zurich/zurich_000005_000019_leftImg8bit.png,cityscape
-0.017216666,-1.0784819,../GTA/01_images/02384.png,GTA
-0.29487896,0.83464223,../GTA/01_images/00696.png,GTA
-0.39071923,-0.63469857,../bdd100k/seg/images/train/4a75d312-b4309351.jpg,BDD
0.00017100712,1.3175372,../bdd100k/seg/images/train/1f4de0c9-975421e7.jpg,BDD
-0.31387883,-1.712084,../bdd100k/seg/images/test/ce183a2f-34a0420b.jpg,BDD
0.93874055,-0.85119736,../bdd100k/seg/images/train/6dce93ad-e3ad674e.jpg,BDD
-1.0966725,-0.5410008,../bdd100k/seg/images/train/a13ce748-dfe70d69.jpg,BDD
1.3714331,-0.1978662,../cityscape/leftImg8bit/test/bielefeld/bielefeld_000000_061975_leftImg8bit.png,cityscape
1.182461,-0.3085199,../bdd100k/seg/images/train/714f0a49-b26ba54c.jpg,BDD
1.3610377,0.8634295,../cityscape/leftImg8bit/train/zurich/zurich_000119_000019_leftImg8bit.png,cityscape
-0.10179727,0.10867407,../bdd100k/seg/images/train/4655bcd1-42baf9cb.jpg,BDD
0.91968024,-0.5598886,../GTA/02_images/02632.png,GTA
-0.43711746,-0.11566603,../GTA/03_images/05993.png,GTA
0.8109776,-0.92233163,../GTA/02_images/02852.png,GTA
-1.289879,0.7843312,../cityscape/leftImg8bit/train/bremen/bremen_000234_000019_leftImg8bit.png,cityscape
0.5570169,-0.0957101,../GTA/01_images/01401.png,GTA
0.92912656,-0.81205416,../GTA/03_images/07041.png,GTA
0.8002978,0.16429563,../cityscape/leftImg8bit/test/munich/munich_000345_000019_leftImg8bit.png,cityscape
0.6074293,-1.2448564,../cityscape/leftImg8bit/train/bremen/bremen_000203_000019_leftImg8bit.png,cityscape
0.56458795,0.9738807,../bdd100k/seg/images/test/ece64c9a-67fce26e.jpg,BDD
-1.6649678,-0.21929683,../cityscape/leftImg8bit/test/bielefeld/bielefeld_000000_031510_leftImg8bit.png,cityscape
-1.0658174,-0.5842987,../GTA/03_images/09845.png,GTA
0.6294012,-0.99468905,../cityscape/leftImg8bit/train/hamburg/hamburg_000000_062710_leftImg8bit.png,cityscape
0.9848785,-0.35087752,../cityscape/leftImg8bit/test/munich/munich_000142_000019_leftImg8bit.png,cityscape
-1.2058396,0.453209,../GTA/03_images/05862.png,GTA
-0.62679577,1.3069314,../GTA/03_images/06205.png,GTA
-0.738861,0.6271653,../GTA/03_images/09589.png,GTA
-0.27036637,0.21515483,../GTA/02_images/04607.png,GTA
0.9870041,-0.7038698,../cityscape/leftImg8bit/train/strasbourg/strasbourg_000001_060061_leftImg8bit.png,cityscape
0.23631097,-1.1194452,../cityscape/leftImg8bit/test/mainz/mainz_000000_003506_leftImg8bit.png,cityscape
-0.7015268,0.27581868,../bdd100k/seg/images/test/e2585a75-ace1fbf6.jpg,BDD
0.21784018,-0.36850265,../GTA/03_images/08362.png,GTA
0.98113656,0.40493834,../GTA/01_images/01392.png,GTA
0.09695741,0.06173158,../bdd100k/seg/images/train/42e8451d-9445bab4.jpg,BDD
0.2798873,-0.63092804,../cityscape/leftImg8bit/train/stuttgart/stuttgart_000019_000019_leftImg8bit.png,cityscape
-1.0907365,0.41248915,../cityscape/leftImg8bit/train/cologne/cologne_000057_000019_leftImg8bit.png,cityscape
1.2832758,1.1252569,../bdd100k/seg/images/train/6214e6aa-00000000.jpg,BDD
0.86775017,-0.8119403,../GTA/02_images/03702.png,GTA
-0.32835415,-0.4561342,../cityscape/leftImg8bit/val/lindau/lindau_000056_000019_leftImg8bit.png,cityscape
-0.5720277,1.3921405,../GTA/03_images/05384.png,GTA
-0.76304215,1.3508712,../bdd100k/seg/images/test/d494df98-3604c960.jpg,BDD
1.5810312,-0.11838674,../GTA/01_images/00014.png,GTA
0.01398676,1.9212296,../cityscape/leftImg8bit/train/monchengladbach/monchengladbach_000000_027628_leftImg8bit.png,cityscape
0.5861431,-0.0260233,../GTA/03_images/06855.png,GTA
-1.2507524,0.44903934,../bdd100k/seg/images/test/edec461d-dd5bbf88.jpg,BDD
-1.6304679,0.044076923,../cityscape/leftImg8bit/train/weimar/weimar_000024_000019_leftImg8bit.png,cityscape
-1.3408068,-0.31005397,../GTA/03_images/05787.png,GTA
-0.3390579,1.9672263,../bdd100k/seg/images/train/51974499-29aef9f5.jpg,BDD
0.407093,0.04911025,../cityscape/leftImg8bit/test/munich/munich_000197_000019_leftImg8bit.png,cityscape
0.81568205,-0.43325204,../cityscape/leftImg8bit/train/aachen/aachen_000064_000019_leftImg8bit.png,cityscape
-0.69989985,-0.34159547,../cityscape/leftImg8bit/val/munster/munster_000087_000019_leftImg8bit.png,cityscape
-0.6661727,-1.453671,../GTA/02_images/02503.png,GTA
-0.02355493,0.5947126,../GTA/02_images/04656.png,GTA
0.43169236,-0.67962945,../bdd100k/seg/images/val/abfbfcb1-0e220001.jpg,BDD
-1.5706365,0.086837746,../bdd100k/seg/images/test/f28ea0ff-98ee950f.jpg,BDD
-0.67165375,0.317508,../GTA/03_images/05689.png,GTA
-0.8463681,-2.455642,../bdd100k/seg/images/test/b12992c7-ce2d75a0.jpg,BDD
-0.27552164,-1.1793332,../cityscape/leftImg8bit/train/cologne/cologne_000101_000019_leftImg8bit.png,cityscape
-0.6589292,1.5394492,../cityscape/leftImg8bit/train/hamburg/hamburg_000000_068693_leftImg8bit.png,cityscape
-0.73240536,0.43501875,../bdd100k/seg/images/train/4757d9b4-e45fa50f.jpg,BDD
0.6966576,-0.50954455,../cityscape/leftImg8bit/test/berlin/berlin_000466_000019_leftImg8bit.png,cityscape
0.08817384,-0.8677623,../GTA/01_images/01881.png,GTA
-0.2622507,1.8478581,../cityscape/leftImg8bit/train/weimar/weimar_000091_000019_leftImg8bit.png,cityscape
-0.6126077,-1.5374917,../cityscape/leftImg8bit/train/krefeld/krefeld_000000_001908_leftImg8bit.png,cityscape
-0.27918452,-0.39566424,../bdd100k/seg/images/train/6c9dbd17-989ad660.jpg,BDD
0.79534626,-1.0078402,../GTA/01_images/02388.png,GTA
0.5411744,-1.1997327,../bdd100k/seg/images/test/ea1867ec-cedc9455.jpg,BDD
-1.202063,0.38531825,../bdd100k/seg/images/train/644c8566-4b32a31f.jpg,BDD
0.30253118,0.25369665,../cityscape/leftImg8bit/test/munich/munich_000003_000019_leftImg8bit.png,cityscape
0.950877,0.87028414,../GTA/01_images/00920.png,GTA
-0.8094626,0.6469087,../cityscape/leftImg8bit/train/hamburg/hamburg_000000_034049_leftImg8bit.png,cityscape
0.34317183,-0.85057276,../bdd100k/seg/images/train/31134777-05a68a69.jpg,BDD
0.09590614,0.9535328,../bdd100k/seg/images/val/a91b7555-00000580.jpg,BDD
1.1940322,1.5184195,../cityscape/leftImg8bit/test/berlin/berlin_000153_000019_leftImg8bit.png,cityscape
1.1679971,0.91143715,../bdd100k/seg/images/train/c4031040-ec530889.jpg,BDD
-0.27219945,1.6930608,../GTA/03_images/09753.png,GTA
1.2765753,0.7959739,../cityscape/leftImg8bit/val/munster/munster_000053_000019_leftImg8bit.png,cityscape
0.751111,-0.89907825,../GTA/01_images/01279.png,GTA
0.2708133,1.5442138,../bdd100k/seg/images/train/7bcc3909-016f5cc4.jpg,BDD
-1.5926702,-0.104743056,../cityscape/leftImg8bit/train/zurich/zurich_000016_000019_leftImg8bit.png,cityscape
0.16543898,1.469829,../GTA/03_images/07000.png,GTA
0.30078316,-0.27998504,../cityscape/leftImg8bit/test/munich/munich_000341_000019_leftImg8bit.png,cityscape
1.637677,-0.13909681,../cityscape/leftImg8bit/train/strasbourg/strasbourg_000000_011225_leftImg8bit.png,cityscape
0.675693,-0.76486367,../cityscape/leftImg8bit/val/frankfurt/frankfurt_000001_015768_leftImg8bit.png,cityscape
-1.5201626,-0.07544491,../cityscape/leftImg8bit/test/mainz/mainz_000001_013313_leftImg8bit.png,cityscape
-0.8435153,-2.4553576,../bdd100k/seg/images/train/2a63fc4d-2d1325a1.jpg,BDD
-0.25649598,-1.0820599,../cityscape/leftImg8bit/test/berlin/berlin_000021_000019_leftImg8bit.png,cityscape
-1.5830003,0.19101927,../GTA/03_images/07244.png,GTA
-1.8099524,0.095630266,../GTA/03_images/08831.png,GTA
-0.12601878,-0.4694729,../bdd100k/seg/images/test/e33f33c1-7303e039.jpg,BDD
0.9968666,-0.8795323,../cityscape/leftImg8bit/train/strasbourg/strasbourg_000001_015605_leftImg8bit.png,cityscape
1.1590424,0.36848888,../bdd100k/seg/images/train/1462e08b-8ee18629.jpg,BDD
-0.42023003,-1.5640726,../cityscape/leftImg8bit/test/berlin/berlin_000306_000019_leftImg8bit.png,cityscape
0.3070165,-0.3224525,../cityscape/leftImg8bit/train/strasbourg/strasbourg_000000_024179_leftImg8bit.png,cityscape
-1.2446659,-0.13055377,../GTA/03_images/05148.png,GTA
-0.3642945,0.10183324,../bdd100k/seg/images/train/602d4a8e-f0520579.jpg,BDD
0.6472956,0.3327245,../cityscape/leftImg8bit/train/bremen/bremen_000176_000019_leftImg8bit.png,cityscape
-0.40512905,1.7438017,../GTA/01_images/00537.png,GTA
-1.4421899,-0.16832323,../GTA/03_images/09309.png,GTA
-0.4159868,0.7155246,../cityscape/leftImg8bit/train/bremen/bremen_000120_000019_leftImg8bit.png,cityscape
1.2176071,0.6316239,../GTA/01_images/00644.png,GTA
-1.0352956,-0.999639,../cityscape/leftImg8bit/train/hamburg/hamburg_000000_020563_leftImg8bit.png,cityscape
-0.17817657,-0.3302479,../bdd100k/seg/images/test/f5fce005-00000465.jpg,BDD
1.2370127,-0.775245,../GTA/03_images/05961.png,GTA
-0.10195167,1.4015509,../GTA/03_images/05350.png,GTA
0.22073211,0.58866966,../bdd100k/seg/images/val/9103c2cc-00000000.jpg,BDD
-1.3465111,0.7207044,../cityscape/leftImg8bit/test/berlin/berlin_000480_000019_leftImg8bit.png,cityscape
0.5236479,-0.7465288,../bdd100k/seg/images/train/0fa91e8c-e1e98e63.jpg,BDD
-0.8543279,-2.0268846,../GTA/01_images/02362.png,GTA
-0.8451198,-1.8636898,../bdd100k/seg/images/val/893c1b9f-7f8a61d7.jpg,BDD
-0.85646534,-1.4366329,../bdd100k/seg/images/train/124f0efb-d0339f1e.jpg,BDD
-0.42957395,0.92567027,../GTA/01_images/00238.png,GTA
0.29956523,-0.48440203,../GTA/01_images/01856.png,GTA
-1.5507315,0.41402885,../cityscape/leftImg8bit/train/strasbourg/strasbourg_000000_016024_leftImg8bit.png,cityscape
0.7823584,0.7546103,../bdd100k/seg/images/train/4a7eebe5-d59a559e.jpg,BDD
-0.31636733,0.7829473,../bdd100k/seg/images/test/eca590d0-00000000.jpg,BDD
-0.8411827,-2.4431906,../bdd100k/seg/images/train/3d1a6305-3980e3bc.jpg,BDD
1.3572357,1.162336,../bdd100k/seg/images/train/0989aa44-195340c9.jpg,BDD
-0.27607456,-0.5059586,../bdd100k/seg/images/train/2b923350-d824c179.jpg,BDD
-0.43741438,-0.39704892,../bdd100k/seg/images/train/30db74a7-30d5acc6.jpg,BDD
0.40650868,0.22216557,../bdd100k/seg/images/test/d6c4821e-ed74dad7.jpg,BDD
-1.4558253,-0.18257019,../GTA/01_images/01130.png,GTA
1.6820816,-0.28156283,../cityscape/leftImg8bit/test/bielefeld/bielefeld_000000_063427_leftImg8bit.png,cityscape
0.34764966,-0.69181824,../bdd100k/seg/images/train/10bddcb9-4a40d217.jpg,BDD
-0.34334707,-1.7708738,../bdd100k/seg/images/test/dd531634-36872660.jpg,BDD
0.95460767,-0.54413503,../GTA/01_images/02346.png,GTA
-0.68627083,-1.5064293,../GTA/02_images/03772.png,GTA
0.13109042,1.481744,../GTA/01_images/00577.png,GTA
1.5856681,-0.73287714,../bdd100k/seg/images/train/4d13e9e3-71fc1ef2.jpg,BDD
-0.6799905,1.4047444,../GTA/03_images/05680.png,GTA
-0.6437272,-1.159572,../cityscape/leftImg8bit/val/frankfurt/frankfurt_000001_057954_leftImg8bit.png,cityscape
1.4975152,0.28059047,../cityscape/leftImg8bit/test/munich/munich_000024_000019_leftImg8bit.png,cityscape
1.4273497,-0.69551295,../cityscape/leftImg8bit/train/bremen/bremen_000226_000019_leftImg8bit.png,cityscape
0.4643063,0.9197705,../bdd100k/seg/images/train/933651d0-c44d04b1.jpg,BDD
-0.708206,0.3692799,../bdd100k/seg/images/val/a72a8105-00000000.jpg,BDD
-0.1967626,0.2880285,../GTA/01_images/02169.png,GTA
0.9044536,-0.938493,../cityscape/leftImg8bit/train/hamburg/hamburg_000000_092476_leftImg8bit.png,cityscape
-1.2709124,0.92883164,../cityscape/leftImg8bit/train/darmstadt/darmstadt_000059_000019_leftImg8bit.png,cityscape
0.644902,-0.2755626,../cityscape/leftImg8bit/test/bonn/bonn_000022_000019_leftImg8bit.png,cityscape
1.1680903,-0.6238422,../cityscape/leftImg8bit/test/leverkusen/leverkusen_000031_000019_leftImg8bit.png,cityscape
-1.1237155,0.25247964,../cityscape/leftImg8bit/train/ulm/ulm_000091_000019_leftImg8bit.png,cityscape
1.0556309,-0.98548025,../bdd100k/seg/images/train/0636a908-00000000.jpg,BDD
-0.2325866,1.4989059,../GTA/02_images/04183.png,GTA
1.4434175,-0.18669869,../bdd100k/seg/images/test/b1bea966-61635a47.jpg,BDD
-0.64151084,-0.97217125,../cityscape/leftImg8bit/train/strasbourg/strasbourg_000000_009619_leftImg8bit.png,cityscape
1.4626226,0.2530546,../bdd100k/seg/images/val/a91b7555-00000785.jpg,BDD
-0.21080072,2.2195597,../cityscape/leftImg8bit/test/munich/munich_000333_000019_leftImg8bit.png,cityscape
-0.30609214,-0.53248954,../cityscape/leftImg8bit/val/frankfurt/frankfurt_000000_020215_leftImg8bit.png,cityscape
-0.84211344,-2.452706,../bdd100k/seg/images/test/ed5f05b1-23e30001.jpg,BDD
1.3493195,1.1843046,../cityscape/leftImg8bit/test/berlin/berlin_000055_000019_leftImg8bit.png,cityscape
1.058581,-0.22498842,../cityscape/leftImg8bit/test/leverkusen/leverkusen_000035_000019_leftImg8bit.png,cityscape
-1.2291282,-0.7083969,../GTA/02_images/04592.png,GTA
0.12791423,0.10018259,../cityscape/leftImg8bit/test/berlin/berlin_000147_000019_leftImg8bit.png,cityscape
-0.88726604,0.0745356,../cityscape/leftImg8bit/train/aachen/aachen_000021_000019_leftImg8bit.png,cityscape
1.2225547,1.110379,../bdd100k/seg/images/train/77c581fe-b91cdc00.jpg,BDD
0.18677528,1.3071368,../bdd100k/seg/images/train/441ac7d3-ce610001.jpg,BDD
0.94205683,-0.06402129,../cityscape/leftImg8bit/train/weimar/weimar_000087_000019_leftImg8bit.png,cityscape
0.26416028,1.1008705,../bdd100k/seg/images/test/afd0aabb-caf615d5.jpg,BDD
0.16420393,0.05303629,../GTA/02_images/02883.png,GTA
0.37991685,1.6158414,../bdd100k/seg/images/train/39de26fe-10cca1dc.jpg,BDD
0.6764971,0.9322796,../GTA/03_images/06520.png,GTA
1.4999943,0.42956588,../bdd100k/seg/images/train/4cd722e9-194aafdb.jpg,BDD
-1.1003672,0.39747953,../bdd100k/seg/images/test/e9776261-a40b0e74.jpg,BDD
-1.3384198,0.32704094,../bdd100k/seg/images/test/bdca440c-d2519e66.jpg,BDD
0.022000989,-0.40479425,../bdd100k/seg/images/train/135a9651-48e520bd.jpg,BDD
1.2692101,0.85683864,../cityscape/leftImg8bit/train/monchengladbach/monchengladbach_000000_026602_leftImg8bit.png,cityscape
0.6893454,-0.7092121,../GTA/02_images/03811.png,GTA
0.18074514,1.1136563,../bdd100k/seg/images/train/6471aa28-00000000.jpg,BDD
1.2071024,-0.6772476,../GTA/02_images/04899.png,GTA
1.1949914,-0.6735307,../cityscape/leftImg8bit/train/bremen/bremen_000202_000019_leftImg8bit.png,cityscape
1.1427299,-0.802881,../cityscape/leftImg8bit/val/munster/munster_000032_000019_leftImg8bit.png,cityscape
0.18977688,-0.61400056,../GTA/01_images/00865.png,GTA
0.48121014,0.64956856,../cityscape/leftImg8bit/test/munich/munich_000382_000019_leftImg8bit.png,cityscape
1.3619903,-0.020248985,../bdd100k/seg/images/train/94d4caa2-0b880cd8.jpg,BDD
-0.61997825,0.15484394,../GTA/03_images/06830.png,GTA
1.3212932,-0.08075521,../GTA/03_images/06382.png,GTA
-0.96798384,0.43729782,../cityscape/leftImg8bit/train/zurich/zurich_000061_000019_leftImg8bit.png,cityscape
-0.23008873,0.7975088,../bdd100k/seg/images/train/adf95955-a6693cab.jpg,BDD
1.4631543,-0.57823336,../cityscape/leftImg8bit/train/tubingen/tubingen_000111_000019_leftImg8bit.png,cityscape
0.28568363,-0.2478949,../bdd100k/seg/images/train/0af06324-3f5aac20.jpg,BDD
0.48251,-0.7493401,../GTA/03_images/05852.png,GTA
-0.39112025,0.9377659,../GTA/03_images/05973.png,GTA
1.3041862,-0.319959,../bdd100k/seg/images/val/a7fe4cb1-2b749f7c.jpg,BDD
0.91791177,-0.80503106,../cityscape/leftImg8bit/train/weimar/weimar_000066_000019_leftImg8bit.png,cityscape
-0.8892614,-2.189541,../bdd100k/seg/images/train/2198ea8d-c6d53417.jpg,BDD
-0.8092051,0.60865754,../GTA/03_images/05352.png,GTA
-0.14401102,1.9000231,../bdd100k/seg/images/test/b1dac7f7-6b2e0463.jpg,BDD
1.3460679,-0.69985205,../GTA/01_images/01052.png,GTA
1.0379306,0.69918793,../bdd100k/seg/images/val/a91b7555-00000530.jpg,BDD
-0.39965582,1.9746338,../cityscape/leftImg8bit/test/berlin/berlin_000206_000019_leftImg8bit.png,cityscape
0.761005,0.5708095,../GTA/02_images/04284.png,GTA
1.3985525,-0.69372606,../bdd100k/seg/images/train/5b230a69-45c30633.jpg,BDD
-0.25746882,0.8849663,../GTA/01_images/01934.png,GTA
-0.8859716,-2.325725,../bdd100k/seg/images/train/03d940bc-a134194f.jpg,BDD
-0.5219525,-1.3891801,../cityscape/leftImg8bit/val/frankfurt/frankfurt_000000_006589_leftImg8bit.png,cityscape
1.361814,-0.31947568,../GTA/03_images/07623.png,GTA
-1.6047409,-0.11498641,../cityscape/leftImg8bit/test/bielefeld/bielefeld_000000_018644_leftImg8bit.png,cityscape
1.6424255,-0.5957857,../cityscape/leftImg8bit/train/bremen/bremen_000080_000019_leftImg8bit.png,cityscape
0.29946798,-0.2819516,../cityscape/leftImg8bit/train/krefeld/krefeld_000000_014886_leftImg8bit.png,cityscape
1.4887134,-0.73745656,../cityscape/leftImg8bit/train/ulm/ulm_000017_000019_leftImg8bit.png,cityscape
0.08484212,1.4673545,../GTA/01_images/00153.png,GTA
1.0189246,-0.7446046,../GTA/01_images/01582.png,GTA
-1.5500948,-0.122961566,../cityscape/leftImg8bit/train/bremen/bremen_000088_000019_leftImg8bit.png,cityscape
1.2976502,0.9642314,../bdd100k/seg/images/train/029556a0-0ec9fdad.jpg,BDD
1.1957281,-0.6294506,../cityscape/leftImg8bit/test/berlin/berlin_000218_000019_leftImg8bit.png,cityscape
-0.36128062,0.18173297,../GTA/02_images/04358.png,GTA
-0.889841,0.45252827,../cityscape/leftImg8bit/val/munster/munster_000076_000019_leftImg8bit.png,cityscape
-1.5695437,-0.54012686,../GTA/03_images/05609.png,GTA
-0.8283848,-1.4404194,../GTA/03_images/05170.png,GTA
-0.70013744,-1.373769,../cityscape/leftImg8bit/train/aachen/aachen_000114_000019_leftImg8bit.png,cityscape
-0.24517286,0.79797465,../GTA/02_images/04785.png,GTA
0.08576957,0.7890541,../bdd100k/seg/images/train/afc3456c-b6b9a65d.jpg,BDD
-0.8351884,-1.9874926,../bdd100k/seg/images/train/1fe39b85-7ba605b6.jpg,BDD
-0.13264476,0.6290233,../cityscape/leftImg8bit/train/stuttgart/stuttgart_000018_000019_leftImg8bit.png,cityscape
-1.0678788,-1.0211562,../bdd100k/seg/images/test/eb6eee8b-00000000.jpg,BDD
1.6130295,-0.5473244,../cityscape/leftImg8bit/test/bielefeld/bielefeld_000000_048227_leftImg8bit.png,cityscape
1.3759122,-0.42252523,../GTA/02_images/03901.png,GTA
1.0828499,-0.97987646,../GTA/03_images/09254.png,GTA
1.6029066,-0.5300075,../bdd100k/seg/images/train/051c0564-3f2fbff4.jpg,BDD
-0.43017426,1.6801337,../GTA/03_images/06086.png,GTA
-0.9314217,0.40681237,../cityscape/leftImg8bit/test/bielefeld/bielefeld_000000_001011_leftImg8bit.png,cityscape
-0.66116005,0.55471236,../cityscape/leftImg8bit/train/dusseldorf/dusseldorf_000084_000019_leftImg8bit.png,cityscape
-0.67860043,1.199401,../cityscape/leftImg8bit/train/aachen/aachen_000029_000019_leftImg8bit.png,cityscape
1.3469505,-0.04359937,../bdd100k/seg/images/train/1f45df68-26795801.jpg,BDD
1.3580395,1.0809555,../bdd100k/seg/images/test/ef009e8b-af87fd98.jpg,BDD
-1.6178181,-0.20872127,../cityscape/leftImg8bit/test/berlin/berlin_000416_000019_leftImg8bit.png,cityscape
1.0709934,-0.71652573,../cityscape/leftImg8bit/train/strasbourg/strasbourg_000000_005912_leftImg8bit.png,cityscape
-1.5370702,-0.3742551,../GTA/03_images/09055.png,GTA
0.41360563,0.044918578,../cityscape/leftImg8bit/train/bremen/bremen_000256_000019_leftImg8bit.png,cityscape
-0.4097256,-0.17727289,../cityscape/leftImg8bit/train/aachen/aachen_000147_000019_leftImg8bit.png,cityscape
-0.35803548,-1.1433054,../cityscape/leftImg8bit/train/bremen/bremen_000291_000019_leftImg8bit.png,cityscape
-0.97362584,-0.12510522,../cityscape/leftImg8bit/val/frankfurt/frankfurt_000001_064651_leftImg8bit.png,cityscape
-0.19426094,-0.46956497,../bdd100k/seg/images/test/b4a8e0fd-56bcf40f.jpg,BDD
-0.23962833,-1.1650466,../GTA/03_images/06897.png,GTA
-1.6773365,0.043848753,../cityscape/leftImg8bit/train/ulm/ulm_000034_000019_leftImg8bit.png,cityscape
-0.50049555,-1.3938586,../cityscape/leftImg8bit/train/tubingen/tubingen_000089_000019_leftImg8bit.png,cityscape
1.3399302,0.5818718,../bdd100k/seg/images/train/a695eebb-1c454daa.jpg,BDD
1.0457158,-0.99573445,../GTA/01_images/01781.png,GTA
0.72659963,-0.5062201,../GTA/03_images/07852.png,GTA
-1.1199012,-0.2502867,../cityscape/leftImg8bit/train/hanover/hanover_000000_029043_leftImg8bit.png,cityscape
0.9423047,-0.48549718,../bdd100k/seg/images/train/0bef9055-6069aeb8.jpg,BDD
0.056626722,0.7312208,../GTA/02_images/04543.png,GTA
-0.9524405,-0.71892786,../cityscape/leftImg8bit/train/tubingen/tubingen_000128_000019_leftImg8bit.png,cityscape
-0.5686216,0.8128163,../cityscape/leftImg8bit/train/bremen/bremen_000090_000019_leftImg8bit.png,cityscape
0.45984244,0.6670418,../cityscape/leftImg8bit/train/bremen/bremen_000019_000019_leftImg8bit.png,cityscape
-0.11850288,1.3292545,../GTA/03_images/09663.png,GTA
0.17436598,-0.63992256,../GTA/03_images/06901.png,GTA
-0.7648452,-1.6356304,../cityscape/leftImg8bit/train/strasbourg/strasbourg_000001_031272_leftImg8bit.png,cityscape
-0.67647284,0.25990126,../GTA/03_images/08590.png,GTA
-0.6621251,-0.76892585,../cityscape/leftImg8bit/train/zurich/zurich_000076_000019_leftImg8bit.png,cityscape
0.35616603,1.6070961,../bdd100k/seg/images/val/808ff399-ad8116e6.jpg,BDD
-0.73843145,1.5294979,../cityscape/leftImg8bit/test/berlin/berlin_000205_000019_leftImg8bit.png,cityscape
-0.26678747,-1.1138307,../bdd100k/seg/images/train/4c7d75ce-387b0001.jpg,BDD
0.18390651,0.59039915,../GTA/02_images/04898.png,GTA
-1.5911671,-0.28691712,../GTA/03_images/08777.png,GTA
-0.07066383,1.4432276,../GTA/02_images/04928.png,GTA
-0.3602846,-1.1895399,../cityscape/leftImg8bit/val/frankfurt/frankfurt_000000_013240_leftImg8bit.png,cityscape
1.0000849,-0.5397806,../GTA/01_images/00011.png,GTA
0.5231595,-1.1978239,../cityscape/leftImg8bit/test/bielefeld/bielefeld_000000_035223_leftImg8bit.png,cityscape
0.69284433,-0.63692355,../bdd100k/seg/images/train/6605c97a-70fb0caa.jpg,BDD
-1.3016317,-0.37466788,../cityscape/leftImg8bit/val/frankfurt/frankfurt_000001_031416_leftImg8bit.png,cityscape
-0.99053943,-0.23880117,../GTA/01_images/01226.png,GTA
-0.55724174,-0.72538227,../bdd100k/seg/images/train/27132266-faf5f7cc.jpg,BDD
0.088187575,1.1932278,../bdd100k/seg/images/train/917b9dd0-73b84c3a.jpg,BDD
-1.5818357,0.14771676,../GTA/03_images/05188.png,GTA
-1.5429089,0.2777737,../bdd100k/seg/images/train/439321d7-e21fde3d.jpg,BDD
-1.69873,-0.08719452,../cityscape/leftImg8bit/test/munich/munich_000181_000019_leftImg8bit.png,cityscape
-0.5216038,-1.5345953,../cityscape/leftImg8bit/val/frankfurt/frankfurt_000001_054077_leftImg8bit.png,cityscape
0.7567164,0.9855494,../GTA/03_images/06227.png,GTA
0.9683608,-0.79673237,../GTA/03_images/06066.png,GTA
-1.5216091,0.3965284,../cityscape/leftImg8bit/train/weimar/weimar_000029_000019_leftImg8bit.png,cityscape
-0.5608999,-0.7441242,../bdd100k/seg/images/val/87645210-00000000.jpg,BDD
1.6775068,-0.16479003,../cityscape/leftImg8bit/train/monchengladbach/monchengladbach_000000_018575_leftImg8bit.png,cityscape
1.6248225,-0.6639996,../cityscape/leftImg8bit/train/jena/jena_000115_000019_leftImg8bit.png,cityscape
1.4768794,-0.68739873,../cityscape/leftImg8bit/test/bielefeld/bielefeld_000000_048518_leftImg8bit.png,cityscape
-0.04891765,1.2959667,../GTA/02_images/04322.png,GTA
1.6233925,-0.11110874,../GTA/03_images/07944.png,GTA
1.5546067,-0.5224187,../GTA/03_images/08993.png,GTA
0.33136216,1.6504848,../bdd100k/seg/images/train/6ce99224-b7809337.jpg,BDD
-0.9678017,-0.22231445,../GTA/02_images/03114.png,GTA
-0.13618954,-0.38246092,../bdd100k/seg/images/train/5ada8655-b11d7a1e.jpg,BDD
-0.849507,-2.0002394,../cityscape/leftImg8bit/train/monchengladbach/monchengladbach_000000_010860_leftImg8bit.png,cityscape
1.2922432,-0.61742336,../bdd100k/seg/images/train/957e6dd4-a28fe3d4.jpg,BDD
-0.14376545,1.4032391,../GTA/03_images/06623.png,GTA
-0.51024586,-0.21095768,../GTA/03_images/06012.png,GTA
0.7467355,0.974102,../bdd100k/seg/images/val/7eb52e47-49584e13.jpg,BDD
1.3385385,-0.49998745,../bdd100k/seg/images/train/954b31d2-cc4c578a.jpg,BDD
1.5994596,-0.044887148,../GTA/03_images/06344.png,GTA
1.0043892,0.050468437,../GTA/02_images/03886.png,GTA
0.598205,-1.2189562,../cityscape/leftImg8bit/test/berlin/berlin_000008_000019_leftImg8bit.png,cityscape
1.3180676,-0.5769452,../cityscape/leftImg8bit/train/bochum/bochum_000000_000600_leftImg8bit.png,cityscape
-1.2610712,-0.11475631,../cityscape/leftImg8bit/train/bremen/bremen_000006_000019_leftImg8bit.png,cityscape
-1.7162789,0.26477948,../cityscape/leftImg8bit/train/dusseldorf/dusseldorf_000014_000019_leftImg8bit.png,cityscape
-0.48291484,0.44913638,../bdd100k/seg/images/train/2bdd0ff8-b3dad8c2.jpg,BDD
-0.85437953,-1.5861279,../cityscape/leftImg8bit/train/stuttgart/stuttgart_000055_000019_leftImg8bit.png,cityscape
-0.28293976,0.76081216,../GTA/02_images/04112.png,GTA
0.8074081,-0.773667,../GTA/03_images/08457.png,GTA
1.5683147,-0.055500917,../cityscape/leftImg8bit/test/mainz/mainz_000000_015052_leftImg8bit.png,cityscape
0.04623732,0.21476771,../cityscape/leftImg8bit/train/stuttgart/stuttgart_000003_000019_leftImg8bit.png,cityscape
-0.20349437,1.5467905,../bdd100k/seg/images/val/a91b7555-00000205.jpg,BDD
-0.33748493,0.49661374,../GTA/03_images/07556.png,GTA
-0.39111242,0.7288673,../cityscape/leftImg8bit/test/bielefeld/bielefeld_000000_035537_leftImg8bit.png,cityscape
0.1756825,-0.36212757,../cityscape/leftImg8bit/test/berlin/berlin_000360_000019_leftImg8bit.png,cityscape
0.35919747,-1.3067981,../GTA/01_images/00522.png,GTA
0.29995844,0.30846968,../bdd100k/seg/images/train/31ddb79c-773beada.jpg,BDD
1.3571447,-0.70016736,../bdd100k/seg/images/val/7ef46d23-00000000.jpg,BDD
-0.38813546,-1.5524186,../cityscape/leftImg8bit/train/hamburg/hamburg_000000_066706_leftImg8bit.png,cityscape
-0.36076304,-0.70575905,../bdd100k/seg/images/train/34c43596-6923dfa9.jpg,BDD
-1.0613753,-0.753204,../bdd100k/seg/images/train/4c22bf44-5c09f38a.jpg,BDD
0.28664842,1.7142662,../bdd100k/seg/images/train/10efbba4-606bb443.jpg,BDD
-1.5197779,-0.52066857,../cityscape/leftImg8bit/train/dusseldorf/dusseldorf_000092_000019_leftImg8bit.png,cityscape
-0.21153343,1.377966,../bdd100k/seg/images/test/f68b5ba4-8fa6a6d8.jpg,BDD
-0.23494796,-0.5569516,../GTA/03_images/09062.png,GTA
-0.36443007,-0.47403714,../cityscape/leftImg8bit/test/berlin/berlin_000013_000019_leftImg8bit.png,cityscape
-0.85414845,-1.9772134,../bdd100k/seg/images/train/306caaa5-27230001.jpg,BDD
0.41400546,-0.25992677,../bdd100k/seg/images/train/002a3213-ab7f6730.jpg,BDD
0.94371504,-0.34323195,../cityscape/leftImg8bit/train/dusseldorf/dusseldorf_000143_000019_leftImg8bit.png,cityscape
-0.73204297,1.3648665,../bdd100k/seg/images/train/15430558-02a7d763.jpg,BDD
-1.3223116,-0.2718155,../GTA/03_images/09997.png,GTA
-1.3447917,-0.6855401,../bdd100k/seg/images/test/d78a4535-f5a5f11c.jpg,BDD
-0.26277703,0.8252993,../GTA/03_images/05768.png,GTA
-0.04057352,-0.21356906,../bdd100k/seg/images/train/314662b7-00000000.jpg,BDD
-0.22064507,1.666096,../bdd100k/seg/images/test/ed672cd9-01031fb4.jpg,BDD
-1.6449544,-0.31901118,../cityscape/leftImg8bit/val/munster/munster_000118_000019_leftImg8bit.png,cityscape
0.2848539,1.6648763,../GTA/03_images/09554.png,GTA
1.5690722,-0.62573385,../cityscape/leftImg8bit/test/bielefeld/bielefeld_000000_011831_leftImg8bit.png,cityscape
1.0193837,-0.05774032,../GTA/03_images/05123.png,GTA
-1.7173905,0.07345354,../cityscape/leftImg8bit/train/bremen/bremen_000054_000019_leftImg8bit.png,cityscape
-1.4694601,0.3421428,../cityscape/leftImg8bit/train/tubingen/tubingen_000103_000019_leftImg8bit.png,cityscape
-0.52314824,-0.22799791,../bdd100k/seg/images/train/2a7a4866-e4fc4da7.jpg,BDD
1.0585316,-0.6567107,../cityscape/leftImg8bit/train/weimar/weimar_000007_000019_leftImg8bit.png,cityscape
-1.4027392,0.65120006,../cityscape/leftImg8bit/val/munster/munster_000143_000019_leftImg8bit.png,cityscape
0.570806,0.49846184,../bdd100k/seg/images/train/0e758b80-e99d0001.jpg,BDD
0.7940237,0.9610451,../bdd100k/seg/images/train/4d569119-99220cfa.jpg,BDD
0.5126863,-0.3261194,../cityscape/leftImg8bit/train/dusseldorf/dusseldorf_000144_000019_leftImg8bit.png,cityscape
0.17208408,1.0682844,../bdd100k/seg/images/train/c2841851-644a8cfe.jpg,BDD
-0.17856094,1.7710587,../bdd100k/seg/images/train/53ac0a14-59b81877.jpg,BDD
0.15427531,0.25699785,../bdd100k/seg/images/test/e139f623-00000000.jpg,BDD
-0.3018148,-0.28423205,../GTA/02_images/03214.png,GTA
1.0811324,-1.0108197,../GTA/03_images/06061.png,GTA
-1.5515469,-0.2803335,../cityscape/leftImg8bit/train/bremen/bremen_000207_000019_leftImg8bit.png,cityscape
1.4948174,-0.78442615,../cityscape/leftImg8bit/train/bremen/bremen_000160_000019_leftImg8bit.png,cityscape
-0.27444586,0.1634874,../GTA/02_images/02912.png,GTA
1.2145996,0.24550745,../GTA/02_images/04242.png,GTA
1.4117991,0.31618398,../cityscape/leftImg8bit/train/darmstadt/darmstadt_000016_000019_leftImg8bit.png,cityscape
-0.6285725,-0.41427964,../bdd100k/seg/images/train/37af0bb7-45e114db.jpg,BDD
1.4775847,-0.54731053,../bdd100k/seg/images/test/d77016ab-5a08e87e.jpg,BDD
-1.712142,0.25149372,../cityscape/leftImg8bit/train/aachen/aachen_000085_000019_leftImg8bit.png,cityscape
0.7139397,0.20766662,../bdd100k/seg/images/train/ff3da814-c3463a43.jpg,BDD
0.501346,0.47167325,../bdd100k/seg/images/val/8fcce630-3c3e0001.jpg,BDD
0.081517935,1.4626259,../GTA/03_images/05677.png,GTA
0.2860383,0.40096867,../bdd100k/seg/images/train/02504d95-8ede0c80.jpg,BDD
-0.6669512,-1.4889985,../bdd100k/seg/images/train/2f26b25d-3de7fde6.jpg,BDD
0.933714,0.9966404,../GTA/03_images/06192.png,GTA
0.1840807,0.99547094,../bdd100k/seg/images/train/2d8c5656-497fc46f.jpg,BDD
-0.8956547,-2.3473332,../bdd100k/seg/images/train/4b8c75d6-3776850e.jpg,BDD
