x,y,z,img_path,img_label
1.7259622,-0.017775092,0.20641674,../cityscape/leftImg8bit/test/bielefeld/bielefeld_000000_011831_leftImg8bit.png,cityscape
-0.5796513,-1.0971886,-1.1064249,../GTA/01_images/01007.png,GTA
0.38151395,0.08371447,-0.4527043,../bdd100k/seg/images/train/3dd41cf4-28991c3a.jpg,BDD
1.6794299,0.32153222,0.89581126,../bdd100k/seg/images/test/f30ad06b-64670248.jpg,BDD
1.6525627,0.5079144,0.7884335,../cityscape/leftImg8bit/train/hanover/hanover_000000_044622_leftImg8bit.png,cityscape
-0.4037052,1.3996407,0.9965954,../cityscape/leftImg8bit/test/berlin/berlin_000083_000019_leftImg8bit.png,cityscape
-0.04963009,-1.0948073,-1.0334791,../GTA/03_images/08810.png,GTA
0.14481072,-0.1337064,-1.7066264,../bdd100k/seg/images/train/4012903a-ef0ce742.jpg,BDD
-1.5710126,0.035151098,0.095958054,../bdd100k/seg/images/train/b51aa35f-672053a6.jpg,BDD
-0.12960939,0.3108843,2.469352,../bdd100k/seg/images/train/700c3115-5b5b7652.jpg,BDD
1.4276276,0.71356833,0.4395356,../GTA/03_images/08463.png,GTA
-0.039371032,0.46363434,2.100472,../bdd100k/seg/images/test/e9c0f943-cb59007c.jpg,BDD
-0.24159099,0.08782095,0.07494925,../bdd100k/seg/images/train/6471aa28-00000000.jpg,BDD
0.6118317,-0.20910974,-0.61681193,../GTA/03_images/05721.png,GTA
-1.1073638,0.7210074,0.11998054,../cityscape/leftImg8bit/train/zurich/zurich_000090_000019_leftImg8bit.png,cityscape
-0.33586615,0.04621169,0.099163376,../bdd100k/seg/images/train/41822cbd-2d85ad88.jpg,BDD
-0.08520548,0.8936571,1.1849685,../cityscape/leftImg8bit/val/munster/munster_000016_000019_leftImg8bit.png,cityscape
1.8513601,0.11986993,0.81967145,../bdd100k/seg/images/val/a91b7555-00000200.jpg,BDD
0.15206005,1.6161702,0.8417151,../cityscape/leftImg8bit/train/darmstadt/darmstadt_000077_000019_leftImg8bit.png,cityscape
-0.1777669,-1.1700705,-1.0730433,../GTA/01_images/00939.png,GTA
-0.96978,-2.116333,-1.1608387,../bdd100k/seg/images/train/21609974-1e6c098f.jpg,BDD
0.03808868,1.5681463,0.9048384,../cityscape/leftImg8bit/train/cologne/cologne_000077_000019_leftImg8bit.png,cityscape
0.3781299,0.73951775,-0.18213773,../cityscape/leftImg8bit/test/berlin/berlin_000123_000019_leftImg8bit.png,cityscape
-1.5969561,0.062105775,0.5075338,../GTA/03_images/08543.png,GTA
-0.96030515,1.1145616,1.2878875,../cityscape/leftImg8bit/train/jena/jena_000068_000019_leftImg8bit.png,cityscape
0.09297938,1.6985042,0.7690755,../cityscape/leftImg8bit/test/berlin/berlin_000165_000019_leftImg8bit.png,cityscape
1.714865,0.23841059,0.92275196,../bdd100k/seg/images/val/7ef46d23-00000000.jpg,BDD
1.0172362,0.35780072,-0.88010174,../bdd100k/seg/images/train/0066b72f-974f6883.jpg,BDD
-0.6969947,1.175706,1.0360565,../cityscape/leftImg8bit/train/jena/jena_000020_000019_leftImg8bit.png,cityscape
-0.2785799,0.032632265,0.06271839,../GTA/03_images/07505.png,GTA
0.3838342,0.8058774,-0.11476223,../cityscape/leftImg8bit/train/weimar/weimar_000108_000019_leftImg8bit.png,cityscape
-0.66500604,0.3029813,0.00598839,../GTA/03_images/09407.png,GTA
-0.5852996,1.183521,1.0282332,../cityscape/leftImg8bit/val/munster/munster_000150_000019_leftImg8bit.png,cityscape
-0.9474916,-1.2276564,-1.09449,../GTA/03_images/09598.png,GTA
0.33549365,1.5119468,1.0547773,../cityscape/leftImg8bit/test/bielefeld/bielefeld_000000_015587_leftImg8bit.png,cityscape
-0.13231587,0.8270957,0.5944485,../cityscape/leftImg8bit/test/mainz/mainz_000001_040839_leftImg8bit.png,cityscape
1.4857694,0.50750774,0.28216836,../GTA/01_images/01276.png,GTA
1.6780194,0.029710675,0.11598863,../bdd100k/seg/images/train/051c0564-3f2fbff4.jpg,BDD
-0.061452776,-1.1780916,-0.87725663,../bdd100k/seg/images/train/58674924-00000000.jpg,BDD
-0.9046298,1.1729826,1.3346269,../cityscape/leftImg8bit/test/munich/munich_000184_000019_leftImg8bit.png,cityscape
0.9661493,-0.13287975,0.30376384,../cityscape/leftImg8bit/train/strasbourg/strasbourg_000001_009097_leftImg8bit.png,cityscape
-0.24823897,-0.034156967,0.0028702035,../GTA/01_images/00315.png,GTA
-0.76939076,1.1640952,0.88547057,../cityscape/leftImg8bit/test/mainz/mainz_000003_003455_leftImg8bit.png,cityscape
-0.12516901,0.3759077,2.304941,../cityscape/leftImg8bit/train/aachen/aachen_000081_000019_leftImg8bit.png,cityscape
0.43761033,0.6797258,-0.23813611,../GTA/03_images/06351.png,GTA
0.13855179,-0.24663927,-1.6470587,../bdd100k/seg/images/test/c8add6c2-00000000.jpg,BDD
-0.14536172,0.28768942,2.5466719,../bdd100k/seg/images/train/bd1e4e5b-2a9ffc3f.jpg,BDD
0.9541993,-0.21253152,0.5312834,../cityscape/leftImg8bit/test/mainz/mainz_000001_018145_leftImg8bit.png,cityscape
-0.23584418,-1.3295156,-1.1089605,../GTA/03_images/06550.png,GTA
0.6898561,-0.7587613,-0.84447056,../bdd100k/seg/images/train/31d360ac-1a859630.jpg,BDD
-0.16781542,0.6974156,1.5509717,../cityscape/leftImg8bit/train/bremen/bremen_000112_000019_leftImg8bit.png,cityscape
-0.879714,-1.2826254,-1.17383,../GTA/03_images/06940.png,GTA
0.5252425,0.48133597,-1.3808576,../bdd100k/seg/images/train/6ea9d065-03300cfe.jpg,BDD
0.7240536,0.62287694,-0.26705253,../bdd100k/seg/images/train/4454c9b2-e55411a6.jpg,BDD
0.42329782,1.6425527,0.86411905,../cityscape/leftImg8bit/test/mainz/mainz_000000_001265_leftImg8bit.png,cityscape
-0.19540635,0.23444596,0.5396913,../cityscape/leftImg8bit/val/frankfurt/frankfurt_000001_040732_leftImg8bit.png,cityscape
0.6147939,0.3698218,-1.3630661,../bdd100k/seg/images/val/abfbfcb1-0e220001.jpg,BDD
0.9716121,-0.15440021,0.34289467,../bdd100k/seg/images/train/bceeedca-f0bf8606.jpg,BDD
-1.6684821,0.06839429,0.36858884,../bdd100k/seg/images/test/bdca440c-d2519e66.jpg,BDD
0.8440012,-0.46043664,-0.70764905,../bdd100k/seg/images/train/1f45df68-26795801.jpg,BDD
0.09393249,0.18424146,1.0652101,../cityscape/leftImg8bit/train/strasbourg/strasbourg_000000_029400_leftImg8bit.png,cityscape
0.22643284,0.3296093,-1.8728095,../bdd100k/seg/images/test/f482559d-d3d798d3.jpg,BDD
-0.13092408,0.36307532,2.3173165,../cityscape/leftImg8bit/test/mainz/mainz_000003_011182_leftImg8bit.png,cityscape
0.54191697,-0.8945311,-0.91475976,../GTA/03_images/07837.png,GTA
-0.082340315,0.9698511,0.68770844,../cityscape/leftImg8bit/train/strasbourg/strasbourg_000000_007813_leftImg8bit.png,cityscape
-0.042710908,1.4961072,0.94393903,../cityscape/leftImg8bit/train/hanover/hanover_000000_011170_leftImg8bit.png,cityscape
1.4928055,0.035561774,-0.31103888,../GTA/02_images/03438.png,GTA
0.13171598,-1.1594247,-1.1789579,../GTA/01_images/02333.png,GTA
0.63739365,-0.92222005,-0.9099757,../GTA/03_images/05399.png,GTA
1.4443833,-0.40714747,-0.6210401,../bdd100k/seg/images/test/e3502587-fab6ee91.jpg,BDD
0.2771582,0.40990013,-1.9427811,../bdd100k/seg/images/test/e64f5de7-77765abf.jpg,BDD
-0.4461158,-0.3114273,-1.7494822,../bdd100k/seg/images/train/602d4a8e-f0520579.jpg,BDD
0.14048569,0.44736737,1.6730891,../cityscape/leftImg8bit/test/munich/munich_000394_000019_leftImg8bit.png,cityscape
0.20302428,1.0330964,1.4293442,../cityscape/leftImg8bit/val/frankfurt/frankfurt_000000_006589_leftImg8bit.png,cityscape
-0.74146444,-1.3664951,-1.2223991,../GTA/01_images/00548.png,GTA
0.16653776,0.2705542,-1.8390765,../bdd100k/seg/images/train/285e05af-7c8d076c.jpg,BDD
-1.1003461,0.6945371,0.12794481,../GTA/03_images/06489.png,GTA
0.21818563,0.32459387,-1.9736094,../bdd100k/seg/images/train/5ada8655-b11d7a1e.jpg,BDD
-0.08911386,0.9048084,1.177869,../GTA/03_images/09222.png,GTA
-0.11641355,0.33494183,2.3982587,../GTA/03_images/06756.png,GTA
-0.22722271,-1.1920058,-1.0646914,../GTA/01_images/02031.png,GTA
0.018539215,1.5634631,0.9046125,../cityscape/leftImg8bit/test/berlin/berlin_000487_000019_leftImg8bit.png,cityscape
-0.68393236,-1.1120992,-1.1346828,../GTA/03_images/06687.png,GTA
-0.49969566,-0.049564287,-0.06558345,../cityscape/leftImg8bit/train/cologne/cologne_000036_000019_leftImg8bit.png,cityscape
0.24934669,0.4798965,1.6230791,../cityscape/leftImg8bit/val/lindau/lindau_000026_000019_leftImg8bit.png,cityscape
-0.08966035,0.9458378,1.1803578,../bdd100k/seg/images/test/daeb5cc2-ceb98507.jpg,BDD
0.14452128,0.32715523,-1.9587047,../bdd100k/seg/images/train/00e9be89-00001155.jpg,BDD
-1.6251992,0.041915793,0.21812609,../GTA/03_images/08612.png,GTA
0.69642025,-0.61508673,-0.77554786,../cityscape/leftImg8bit/train/monchengladbach/monchengladbach_000000_000383_leftImg8bit.png,cityscape
-0.82800925,0.32553753,0.1369354,../cityscape/leftImg8bit/test/bielefeld/bielefeld_000000_026550_leftImg8bit.png,cityscape
0.8320364,-0.88982195,-0.8776329,../GTA/03_images/09569.png,GTA
-0.878937,-1.1014687,-1.0888274,../GTA/03_images/07822.png,GTA
0.013927273,0.0955922,0.104085095,../cityscape/leftImg8bit/val/frankfurt/frankfurt_000001_059789_leftImg8bit.png,cityscape
0.022262732,0.37313035,1.1911488,../bdd100k/seg/images/train/3dab4537-aeb6078d.jpg,BDD
-0.3259768,-0.31140625,-0.32924616,../cityscape/leftImg8bit/train/hanover/hanover_000000_020089_leftImg8bit.png,cityscape
-1.5706236,0.020023117,0.079610385,../GTA/03_images/09238.png,GTA
-0.39364603,1.4123578,0.9886556,../cityscape/leftImg8bit/train/stuttgart/stuttgart_000179_000019_leftImg8bit.png,cityscape
-0.29835176,-0.11757842,-1.9091312,../bdd100k/seg/images/test/f5775fbf-7586dbf2.jpg,BDD
-0.49028626,0.99318373,0.5722761,../cityscape/leftImg8bit/train/zurich/zurich_000025_000019_leftImg8bit.png,cityscape
-0.28614974,-1.0551778,-1.0440649,../GTA/01_images/01952.png,GTA
-0.6082576,1.1671356,1.0318424,../cityscape/leftImg8bit/test/berlin/berlin_000441_000019_leftImg8bit.png,cityscape
-0.86256844,-1.7089438,-1.1473789,../GTA/01_images/00167.png,GTA
0.14704962,1.6250672,0.74987364,../GTA/03_images/07031.png,GTA
1.4504918,0.27671304,0.09747587,../GTA/02_images/03428.png,GTA
-0.35643986,-0.27774197,-1.700329,../bdd100k/seg/images/train/314662b7-00000000.jpg,BDD
0.71313083,-0.8197118,-0.8627847,../GTA/01_images/01871.png,GTA
-0.5069084,-1.4637691,-1.1661485,../bdd100k/seg/images/train/2affd97c-350d6c87.jpg,BDD
1.8252736,0.10338233,0.6044912,../cityscape/leftImg8bit/test/mainz/mainz_000001_019061_leftImg8bit.png,cityscape
0.45724544,-1.1339209,-1.0433704,../bdd100k/seg/images/train/6e2b389d-8d1d1e54.jpg,BDD
-1.4875242,0.11921398,0.17013098,../GTA/02_images/04001.png,GTA
-0.4818907,-0.32491943,-1.7713116,../bdd100k/seg/images/train/c644e81b-d8e6dcc0.jpg,BDD
1.4994074,0.055410128,-0.30780405,../bdd100k/seg/images/test/d875676c-8f2091ae.jpg,BDD
-0.2926185,-1.0251769,-1.0409372,../GTA/02_images/03764.png,GTA
0.649569,-0.39767393,-0.6928026,../GTA/02_images/04668.png,GTA
0.70529145,-0.4767555,-0.7137818,../GTA/01_images/01205.png,GTA
0.17500384,-0.10636033,0.46780849,../cityscape/leftImg8bit/train/weimar/weimar_000090_000019_leftImg8bit.png,cityscape
1.4318054,0.67466664,0.82088643,../bdd100k/seg/images/train/6dce93ad-e3ad674e.jpg,BDD
-0.10893598,0.37179476,2.3500721,../bdd100k/seg/images/train/c3981cf1-6e95c296.jpg,BDD
-0.24549359,0.21168196,0.52434546,../GTA/03_images/05795.png,GTA
1.437709,0.2820529,0.06744396,../cityscape/leftImg8bit/train/hanover/hanover_000000_034015_leftImg8bit.png,cityscape
-0.10812049,0.34870753,2.3520043,../GTA/02_images/03770.png,GTA
-1.0721717,-2.1743097,-1.1541742,../bdd100k/seg/images/val/8ce85c91-eff98517.jpg,BDD
1.8393586,0.13284254,0.85462713,../GTA/03_images/07818.png,GTA
-1.6578354,0.07717847,0.3286275,../cityscape/leftImg8bit/train/tubingen/tubingen_000079_000019_leftImg8bit.png,cityscape
-0.1866583,0.31431317,0.6685654,../cityscape/leftImg8bit/train/dusseldorf/dusseldorf_000084_000019_leftImg8bit.png,cityscape
-0.6742389,-0.71363616,-1.544449,../bdd100k/seg/images/train/440f0753-a07e0df1.jpg,BDD
-0.30229855,1.1169459,1.1029496,../bdd100k/seg/images/train/4c7d75ce-387b0001.jpg,BDD
1.4876566,0.6526034,0.8967333,../GTA/03_images/08462.png,GTA
0.12416222,-0.074735254,1.0782545,../bdd100k/seg/images/test/e54a4bf9-a6f2ae4a.jpg,BDD
1.2725642,0.16240796,-0.2914515,../cityscape/leftImg8bit/val/frankfurt/frankfurt_000001_082466_leftImg8bit.png,cityscape
-0.07747531,0.38572437,2.276642,../cityscape/leftImg8bit/test/berlin/berlin_000215_000019_leftImg8bit.png,cityscape
0.96850264,-0.17687081,0.407442,../bdd100k/seg/images/train/5c99dba2-48fd7eb1.jpg,BDD
-1.0654193,-2.077493,-1.1538444,../bdd100k/seg/images/test/d7402ea7-cc563c45.jpg,BDD
0.6032642,0.6489516,-0.24483451,../cityscape/leftImg8bit/test/munich/munich_000079_000019_leftImg8bit.png,cityscape
-0.02420394,0.7213965,1.3683113,../cityscape/leftImg8bit/train/stuttgart/stuttgart_000110_000019_leftImg8bit.png,cityscape
-1.0499984,-2.1732981,-1.157643,../bdd100k/seg/images/test/ccdfec32-77664bf4.jpg,BDD
-0.5223314,-0.40468118,-1.7118156,../bdd100k/seg/images/train/a13ce748-dfe70d69.jpg,BDD
-0.76565945,1.162266,0.9217745,../cityscape/leftImg8bit/test/mainz/mainz_000000_013437_leftImg8bit.png,cityscape
0.021872768,0.51799566,1.9277043,../bdd100k/seg/images/train/91a1d9e8-84b978ee.jpg,BDD
-0.45538798,-0.4385697,-1.6593423,../bdd100k/seg/images/train/51ddbcf8-f6397676.jpg,BDD
-1.6854688,-0.6303315,-0.43550807,../bdd100k/seg/images/val/9aa12a35-79090001.jpg,BDD
1.4705654,0.30436945,1.2813383,../bdd100k/seg/images/train/5912fad1-49960001.jpg,BDD
-1.1586859,-1.0833083,-0.95957506,../GTA/03_images/05685.png,GTA
1.3428766,0.78278226,0.36176404,../cityscape/leftImg8bit/test/bonn/bonn_000008_000019_leftImg8bit.png,cityscape
-1.6051232,0.04047194,0.24109663,../cityscape/leftImg8bit/train/tubingen/tubingen_000115_000019_leftImg8bit.png,cityscape
-0.7207641,-1.0139707,-1.4622012,../bdd100k/seg/images/train/1ee2d0f9-c1f48031.jpg,BDD
-0.21284188,0.4555077,0.65274125,../GTA/03_images/06881.png,GTA
-0.14495276,0.28657296,2.546741,../bdd100k/seg/images/train/28f73d40-b7930001.jpg,BDD
1.4220543,-0.41675356,-0.6245161,../GTA/03_images/09749.png,GTA
0.49834007,-1.111962,-1.0276189,../cityscape/leftImg8bit/train/ulm/ulm_000021_000019_leftImg8bit.png,cityscape
-1.4009058,0.054602053,0.7190302,../GTA/03_images/08532.png,GTA
-0.7076509,-1.3670117,-1.2139024,../GTA/02_images/04023.png,GTA
-0.105966076,0.48607528,1.0551544,../GTA/01_images/01216.png,GTA
1.416991,0.2707696,0.056188937,../bdd100k/seg/images/train/744d7642-e4faaa25.jpg,BDD
-0.75498706,1.186832,1.2988048,../cityscape/leftImg8bit/train/strasbourg/strasbourg_000001_043080_leftImg8bit.png,cityscape
0.07996605,0.23816638,-1.9239762,../bdd100k/seg/images/val/8ab55ec6-b34eeff9.jpg,BDD
0.6739074,-0.9859415,-0.9273029,../bdd100k/seg/images/test/b8b0554a-ecca297f.jpg,BDD
-0.2559973,-0.9959206,-0.9892271,../GTA/03_images/06542.png,GTA
0.72463727,-0.7867399,-0.8477103,../GTA/02_images/04114.png,GTA
0.63480276,-0.3977219,-0.6925189,../GTA/02_images/02999.png,GTA
1.539839,0.5652779,0.47894403,../cityscape/leftImg8bit/train/bremen/bremen_000199_000019_leftImg8bit.png,cityscape
0.051380362,0.89839077,0.18686146,../cityscape/leftImg8bit/train/hanover/hanover_000000_011971_leftImg8bit.png,cityscape
-0.27284646,0.05259439,0.029125938,../GTA/03_images/07722.png,GTA
-0.11192026,0.374364,2.3435977,../bdd100k/seg/images/test/d78a4535-f5a5f11c.jpg,BDD
-1.6002717,-0.99396783,-0.654699,../cityscape/leftImg8bit/test/munich/munich_000030_000019_leftImg8bit.png,cityscape
0.5937721,1.4958271,0.7883908,../cityscape/leftImg8bit/val/frankfurt/frankfurt_000001_035144_leftImg8bit.png,cityscape
0.52998424,0.47059464,-1.3749528,../bdd100k/seg/images/train/1fe954fc-4516b71d.jpg,BDD
-0.96207064,1.1031344,1.2750087,../cityscape/leftImg8bit/test/leverkusen/leverkusen_000050_000019_leftImg8bit.png,cityscape
1.62208,0.35796162,1.0592836,../bdd100k/seg/images/train/0fa741ce-76dbb843.jpg,BDD
0.5014478,1.4995406,0.5619086,../cityscape/leftImg8bit/test/berlin/berlin_000359_000019_leftImg8bit.png,cityscape
0.94945127,0.13863246,-0.4864172,../cityscape/leftImg8bit/val/lindau/lindau_000057_000019_leftImg8bit.png,cityscape
-0.33945772,-0.37679276,-0.41003475,../bdd100k/seg/images/val/a72a8105-00000000.jpg,BDD
0.32658565,0.40455672,1.851584,../cityscape/leftImg8bit/test/munich/munich_000097_000019_leftImg8bit.png,cityscape
-0.0103641255,1.5730593,0.6192373,../cityscape/leftImg8bit/train/krefeld/krefeld_000000_014886_leftImg8bit.png,cityscape
-1.4861115,-0.106061354,-0.102528125,../bdd100k/seg/images/val/95e6e6b9-18d44667.jpg,BDD
0.002387251,0.42225835,1.1666763,../bdd100k/seg/images/test/d6fd12ed-d08267fa.jpg,BDD
0.43129376,0.44939914,-0.37432164,../bdd100k/seg/images/train/5e935df4-88f5341c.jpg,BDD
1.410689,0.68698955,0.8515136,../cityscape/leftImg8bit/train/jena/jena_000118_000019_leftImg8bit.png,cityscape
-0.6637903,0.24769175,-0.010870469,../GTA/03_images/09518.png,GTA
0.30328453,1.4895512,0.5670228,../cityscape/leftImg8bit/test/munich/munich_000062_000019_leftImg8bit.png,cityscape
1.2570529,0.47331917,-0.18344449,../cityscape/leftImg8bit/test/bielefeld/bielefeld_000000_003406_leftImg8bit.png,cityscape
-0.023686107,0.6118182,1.3565475,../cityscape/leftImg8bit/train/weimar/weimar_000064_000019_leftImg8bit.png,cityscape
-1.0354459,-1.1899776,-1.0420485,../GTA/01_images/00054.png,GTA
-0.7196047,-1.1246372,-1.1433727,../GTA/03_images/07193.png,GTA
0.19475368,0.32394943,-1.9817066,../bdd100k/seg/images/train/4faabd52-4948c2aa.jpg,BDD
-1.6624026,0.075418115,0.372096,../GTA/01_images/01183.png,GTA
-0.10284051,-1.1000928,-1.0189558,../GTA/03_images/07752.png,GTA
0.22377308,0.35103178,-1.982404,../bdd100k/seg/images/test/b3e93770-00000000.jpg,BDD
0.85832196,-0.8846455,-0.8726139,../GTA/03_images/08130.png,GTA
-0.27792838,0.5553728,2.0861995,../cityscape/leftImg8bit/train/monchengladbach/monchengladbach_000000_012672_leftImg8bit.png,cityscape
-0.12637912,0.3125084,2.4142082,../bdd100k/seg/images/train/1fe39b85-7ba605b6.jpg,BDD
-1.021988,0.91263133,0.23946184,../cityscape/leftImg8bit/train/strasbourg/strasbourg_000001_005876_leftImg8bit.png,cityscape
-0.2668514,-0.037306424,-0.029569617,../bdd100k/seg/images/val/9103c2cc-00000000.jpg,BDD
1.8106275,0.031126607,0.4229299,../GTA/02_images/04195.png,GTA
-0.16595176,-1.4861704,-1.1747011,../bdd100k/seg/images/val/9e555c8b-a7ee8541.jpg,BDD
-0.11657147,0.41655865,1.0778886,../bdd100k/seg/images/train/02e237f1-00000000.jpg,BDD
0.28491682,-0.07191871,0.9626419,../cityscape/leftImg8bit/test/berlin/berlin_000061_000019_leftImg8bit.png,cityscape
-0.19326457,0.13046813,0.12337026,../GTA/03_images/06050.png,GTA
0.2749373,0.5851402,-2.0744812,../bdd100k/seg/images/test/b12992c7-ce2d75a0.jpg,BDD
-1.6461531,-0.5903773,-0.41914123,../GTA/02_images/04530.png,GTA
-0.28042126,-1.5207846,-1.1750505,../GTA/03_images/05453.png,GTA
1.4545413,0.6704855,0.84925884,../bdd100k/seg/images/train/9f09c4ee-b09fd242.jpg,BDD
1.4131575,0.12098587,-0.11841296,../GTA/03_images/07728.png,GTA
-0.71641904,-1.4137203,-1.2370852,../bdd100k/seg/images/train/bb1b7e42-67806924.jpg,BDD
-1.670086,0.06672796,0.34849295,../cityscape/leftImg8bit/train/erfurt/erfurt_000059_000019_leftImg8bit.png,cityscape
1.3270905,0.15482296,-0.28081757,../GTA/01_images/01779.png,GTA
-0.055382192,0.65659827,0.735704,../cityscape/leftImg8bit/test/berlin/berlin_000350_000019_leftImg8bit.png,cityscape
1.7696314,0.08652797,0.33672366,../bdd100k/seg/images/train/b55305bd-f66ad8fb.jpg,BDD
0.22305183,-0.9585739,-0.98717046,../GTA/03_images/05498.png,GTA
-0.6405245,-1.4870538,-1.202563,../GTA/01_images/01540.png,GTA
1.6601857,-0.060582347,0.16965443,../bdd100k/seg/images/train/a7f9d60b-7ae3f042.jpg,BDD
-0.72434664,-1.2509869,-1.1389883,../bdd100k/seg/images/test/eca590d0-00000000.jpg,BDD
-0.49030137,0.21863152,0.0025212364,../GTA/02_images/03501.png,GTA
-1.083562,-2.1565454,-1.1562113,../bdd100k/seg/images/train/2f1db731-b2e98dce.jpg,BDD
-0.4276536,0.17369911,-0.0141035635,../GTA/02_images/03952.png,GTA
-1.0820599,-1.1172993,-1.0069952,../bdd100k/seg/images/train/06293e61-89661836.jpg,BDD
-1.5296491,-0.15298663,-0.14065814,../GTA/02_images/04026.png,GTA
-1.0141375,-1.7741841,-1.1220983,../GTA/02_images/02546.png,GTA
0.009032473,0.52617943,1.9326011,../cityscape/leftImg8bit/val/frankfurt/frankfurt_000001_014221_leftImg8bit.png,cityscape
1.6119462,0.3016332,1.2024782,../cityscape/leftImg8bit/train/tubingen/tubingen_000096_000019_leftImg8bit.png,cityscape
-0.8264601,0.093929574,1.193759,../cityscape/leftImg8bit/train/hamburg/hamburg_000000_054850_leftImg8bit.png,cityscape
0.6875422,-0.8612329,-0.8810257,../GTA/03_images/09164.png,GTA
-0.34440172,-0.052511424,-0.032740593,../GTA/03_images/07815.png,GTA
-0.6487641,0.39189696,0.01997534,../GTA/02_images/04649.png,GTA
-0.7484959,-1.2938223,-1.2502912,../GTA/01_images/01106.png,GTA
-0.2841922,1.1221542,1.0735085,../cityscape/leftImg8bit/train/tubingen/tubingen_000124_000019_leftImg8bit.png,cityscape
0.00300157,1.5290394,0.7838826,../cityscape/leftImg8bit/test/bielefeld/bielefeld_000000_043610_leftImg8bit.png,cityscape
-0.8227444,-1.0688803,-1.1168386,../GTA/03_images/09555.png,GTA
-0.039384156,0.49615362,2.109725,../bdd100k/seg/images/train/1ed883b8-80bb388d.jpg,BDD
-0.7413932,-1.2111931,-1.3329984,../bdd100k/seg/images/train/2cbaf528-ed95052e.jpg,BDD
0.10306195,1.7068889,0.75962806,../cityscape/leftImg8bit/train/bochum/bochum_000000_014803_leftImg8bit.png,cityscape
-1.5090327,-0.08987239,-0.07233422,../GTA/03_images/05524.png,GTA
-0.8967535,-1.6826272,-1.1375661,../GTA/03_images/06822.png,GTA
0.48367056,0.35895112,-1.2754238,../bdd100k/seg/images/train/002a3213-ab7f6730.jpg,BDD
-0.7193468,-1.3235563,-1.2404684,../GTA/01_images/02209.png,GTA
-0.40286833,-1.1097922,-1.0296476,../GTA/03_images/06262.png,GTA
-0.748589,1.1207329,1.4079862,../GTA/03_images/09003.png,GTA
1.6947635,0.26902404,0.92120165,../GTA/02_images/03200.png,GTA
1.830459,0.01769692,0.41252542,../cityscape/leftImg8bit/train/ulm/ulm_000017_000019_leftImg8bit.png,cityscape
-0.14326301,0.6136394,0.7072993,../bdd100k/seg/images/val/99ab7304-32307eea.jpg,BDD
-0.13359393,0.9713708,0.71812594,../cityscape/leftImg8bit/test/berlin/berlin_000283_000019_leftImg8bit.png,cityscape
-1.4612169,-0.06283788,-0.061466645,../GTA/03_images/06175.png,GTA
0.42920214,0.70363647,-0.23083441,../bdd100k/seg/images/test/f2e59adb-00000000.jpg,BDD
1.8380735,0.046893686,0.45785803,../bdd100k/seg/images/test/ec50cd9b-37c7b4b8.jpg,BDD
1.0758709,0.32963148,1.5316558,../cityscape/leftImg8bit/train/zurich/zurich_000073_000019_leftImg8bit.png,cityscape
-0.07989317,-1.0657084,-0.9832244,../GTA/01_images/00925.png,GTA
1.5863578,0.57522315,0.9766458,../cityscape/leftImg8bit/train/hanover/hanover_000000_052512_leftImg8bit.png,cityscape
0.23495004,0.43802387,1.8064247,../GTA/03_images/08951.png,GTA
-0.9541112,-1.7945783,-1.144973,../bdd100k/seg/images/test/b857eb06-460191ac.jpg,BDD
0.5845652,-0.90773135,-0.90623885,../cityscape/leftImg8bit/test/leverkusen/leverkusen_000011_000019_leftImg8bit.png,cityscape
-0.49038658,-0.73754823,-1.5534903,../bdd100k/seg/images/train/2a253698-e5d5dcb2.jpg,BDD
1.6581147,0.415083,0.91674584,../GTA/01_images/02048.png,GTA
-0.9539746,-1.4626507,-1.1236519,../GTA/02_images/04558.png,GTA
0.3345319,-1.2242322,-1.1097702,../bdd100k/seg/images/val/9f7d0810-920ea2dc.jpg,BDD
-0.14678419,0.035499442,0.0122811375,../cityscape/leftImg8bit/train/strasbourg/strasbourg_000001_009471_leftImg8bit.png,cityscape
0.6953276,0.6602656,-0.24547137,../cityscape/leftImg8bit/train/weimar/weimar_000008_000019_leftImg8bit.png,cityscape
1.0359298,0.25679058,-0.37634528,../GTA/03_images/08500.png,GTA
-0.8447278,-1.071676,-1.0829734,../GTA/03_images/06016.png,GTA
-0.33322355,-0.16110376,-1.8734412,../bdd100k/seg/images/train/a32275b1-ede23fc6.jpg,BDD
-0.32728523,0.06752702,0.116889924,../GTA/03_images/06439.png,GTA
-1.6562623,0.06771711,0.411405,../cityscape/leftImg8bit/train/cologne/cologne_000122_000019_leftImg8bit.png,cityscape
1.5657501,0.5784535,0.97353065,../cityscape/leftImg8bit/test/berlin/berlin_000470_000019_leftImg8bit.png,cityscape
-0.0014257721,1.5105002,0.94527286,../cityscape/leftImg8bit/test/mainz/mainz_000000_006649_leftImg8bit.png,cityscape
-1.1424582,-1.0676258,-0.95454365,../GTA/03_images/08634.png,GTA
-0.60979855,1.1627519,1.0230571,../cityscape/leftImg8bit/train/cologne/cologne_000079_000019_leftImg8bit.png,cityscape
-0.07389703,-1.1117488,-0.99543685,../GTA/01_images/02348.png,GTA
-0.4622038,-0.48533925,-1.6742862,../bdd100k/seg/images/val/9f51e19f-00000000.jpg,BDD
-0.5108822,-1.5608766,-1.1919085,../bdd100k/seg/images/train/441ac7d3-ce610001.jpg,BDD
1.4320029,0.3917792,0.17823768,../cityscape/leftImg8bit/train/jena/jena_000116_000019_leftImg8bit.png,cityscape
1.8153527,0.14432886,0.86121964,../cityscape/leftImg8bit/val/munster/munster_000031_000019_leftImg8bit.png,cityscape
-0.514773,-1.2038026,-1.104831,../GTA/01_images/00443.png,GTA
1.6568353,0.48435855,0.76192933,../cityscape/leftImg8bit/train/zurich/zurich_000117_000019_leftImg8bit.png,cityscape
-0.56753427,-1.1114469,-1.1094623,../cityscape/leftImg8bit/val/frankfurt/frankfurt_000000_001016_leftImg8bit.png,cityscape
0.13471073,-0.06333891,1.0757276,../GTA/01_images/02387.png,GTA
0.670925,0.77790374,-0.22048628,../cityscape/leftImg8bit/train/jena/jena_000077_000019_leftImg8bit.png,cityscape
-0.21503936,0.24336839,0.54634273,../cityscape/leftImg8bit/test/leverkusen/leverkusen_000015_000019_leftImg8bit.png,cityscape
0.34672743,0.33655915,-1.6798478,../bdd100k/seg/images/test/e139f623-00000000.jpg,BDD
-0.09998531,0.6280894,0.69768256,../cityscape/leftImg8bit/train/hamburg/hamburg_000000_037036_leftImg8bit.png,cityscape
-0.12925878,0.3134512,2.4667761,../bdd100k/seg/images/train/2198ea8d-c6d53417.jpg,BDD
0.5294321,-0.8823306,-0.90992063,../GTA/01_images/01460.png,GTA
1.4802268,0.05220947,-0.30778182,../bdd100k/seg/images/train/60994578-2ec14c73.jpg,BDD
0.5642042,0.4076571,1.8723783,../cityscape/leftImg8bit/test/mainz/mainz_000001_028326_leftImg8bit.png,cityscape
-0.44710538,0.98452646,0.5649012,../cityscape/leftImg8bit/train/strasbourg/strasbourg_000001_036697_leftImg8bit.png,cityscape
0.7361203,0.80901724,-0.14241472,../bdd100k/seg/images/train/353c68ef-d95e98bb.jpg,BDD
-0.91442066,1.0359055,1.0914239,../GTA/03_images/05620.png,GTA
0.33715189,-1.1625516,-1.0115091,../bdd100k/seg/images/test/ae60618a-00000000.jpg,BDD
-0.7390381,0.2468705,0.0016543863,../GTA/03_images/09199.png,GTA
1.574127,0.5794408,1.0001329,../cityscape/leftImg8bit/train/bochum/bochum_000000_031687_leftImg8bit.png,cityscape
-0.9780742,-1.7940558,-1.1331096,../GTA/01_images/00631.png,GTA
0.93578726,-0.22496659,0.5460712,../GTA/03_images/09698.png,GTA
-0.33130783,1.4283383,0.95606774,../cityscape/leftImg8bit/val/munster/munster_000151_000019_leftImg8bit.png,cityscape
0.4115474,0.5132438,-0.32526553,../GTA/01_images/01838.png,GTA
-0.5318683,1.1382992,1.0161778,../GTA/02_images/03788.png,GTA
-1.670509,0.067414194,0.3552558,../bdd100k/seg/images/test/f28ea0ff-98ee950f.jpg,BDD
-0.111295074,0.38318208,2.3240714,../bdd100k/seg/images/train/4c22bf44-5c09f38a.jpg,BDD
-0.761912,-1.0948813,-1.1203973,../GTA/03_images/07179.png,GTA
-1.0095569,0.91224957,0.23029262,../cityscape/leftImg8bit/train/bremen/bremen_000102_000019_leftImg8bit.png,cityscape
0.07329147,0.88863164,0.190377,../GTA/03_images/09374.png,GTA
0.9224822,0.14788797,-0.47795418,../GTA/03_images/08207.png,GTA
0.5930346,-1.0374634,-0.9533728,../bdd100k/seg/images/train/77c581fe-b91cdc00.jpg,BDD
-1.6758451,0.045780335,0.3335653,../GTA/03_images/09611.png,GTA
-0.93200725,-1.0088408,-1.0180484,../bdd100k/seg/images/train/24179c38-b8325990.jpg,BDD
-0.27023965,-0.10689698,-1.8892637,../bdd100k/seg/images/train/7023e3a7-d9ccd3a4.jpg,BDD
0.27424097,0.5811079,-2.0742347,../bdd100k/seg/images/train/2a63fc4d-2d1325a1.jpg,BDD
-1.0923865,0.72860855,0.13672493,../GTA/01_images/01009.png,GTA
-1.3508573,0.05587405,0.76598245,../GTA/03_images/08561.png,GTA
-0.27966827,-1.5594634,-1.1876428,../bdd100k/seg/images/train/10efbba4-606bb443.jpg,BDD
-1.5275911,-0.85394675,-0.6108401,../GTA/01_images/00236.png,GTA
-0.14766532,0.37006453,0.9986053,../cityscape/leftImg8bit/test/munich/munich_000248_000019_leftImg8bit.png,cityscape
0.63364995,-1.0138924,-0.9420075,../bdd100k/seg/images/train/6214e6aa-00000000.jpg,BDD
0.22977273,-0.11313045,0.5171473,../bdd100k/seg/images/test/ce183a2f-34a0420b.jpg,BDD
-0.45116085,-0.8821041,-1.4037203,../bdd100k/seg/images/train/022ec367-cb18e652.jpg,BDD
0.45716426,0.3731857,-1.4860194,../bdd100k/seg/images/train/0af06324-3f5aac20.jpg,BDD
0.16732214,0.30902576,-1.9296205,../bdd100k/seg/images/train/34c43596-6923dfa9.jpg,BDD
0.18205836,0.4491382,1.8235765,../GTA/03_images/08956.png,GTA
1.411633,0.13128395,-0.1815819,../GTA/02_images/02928.png,GTA
-0.8469157,-1.2501645,-1.1422093,../GTA/02_images/04253.png,GTA
0.52966124,0.40340954,1.8933879,../cityscape/leftImg8bit/val/munster/munster_000089_000019_leftImg8bit.png,cityscape
0.2760165,0.41445598,1.8352019,../cityscape/leftImg8bit/train/stuttgart/stuttgart_000023_000019_leftImg8bit.png,cityscape
0.6681618,0.83446777,-0.18567836,../cityscape/leftImg8bit/test/mainz/mainz_000001_027053_leftImg8bit.png,cityscape
0.35888872,1.6567663,0.90193486,../bdd100k/seg/images/train/2fd79f6e-8348aac9.jpg,BDD
-0.3697594,0.87638676,1.0784154,../cityscape/leftImg8bit/train/strasbourg/strasbourg_000001_055860_leftImg8bit.png,cityscape
-1.1872432,-1.0177743,-0.90764946,../GTA/03_images/08614.png,GTA
-1.5452453,-0.96696156,-0.6590259,../GTA/01_images/00818.png,GTA
-0.06316595,-1.1488411,-0.8657011,../GTA/02_images/02918.png,GTA
-0.7123486,-1.431003,-1.2400368,../bdd100k/seg/images/val/a91b7555-00000160.jpg,BDD
-0.9082425,-1.7350672,-1.1418992,../GTA/03_images/05102.png,GTA
0.21259706,1.7163085,0.722498,../cityscape/leftImg8bit/train/hamburg/hamburg_000000_065055_leftImg8bit.png,cityscape
1.1410627,0.3304111,1.482449,../cityscape/leftImg8bit/val/lindau/lindau_000027_000019_leftImg8bit.png,cityscape
-0.30464658,-0.12658449,-1.8971094,../bdd100k/seg/images/test/b4a8e0fd-56bcf40f.jpg,BDD
0.12672102,1.0589582,0.22500293,../cityscape/leftImg8bit/train/weimar/weimar_000058_000019_leftImg8bit.png,cityscape
0.11944731,-1.2923229,-1.156874,../GTA/03_images/06746.png,GTA
-0.06499079,0.35797408,2.3107631,../bdd100k/seg/images/train/8ee48b61-a9ab1674.jpg,BDD
-0.14175685,0.2661069,2.2797453,../bdd100k/seg/images/train/4b8c75d6-3776850e.jpg,BDD
0.17395239,1.2014266,0.31985655,../cityscape/leftImg8bit/test/bielefeld/bielefeld_000000_006239_leftImg8bit.png,cityscape
-1.0147972,-1.9116143,-1.1455462,../GTA/01_images/01532.png,GTA
0.39184988,1.6626929,0.823244,../cityscape/leftImg8bit/train/tubingen/tubingen_000027_000019_leftImg8bit.png,cityscape
-1.4865592,0.15847853,0.3780181,../bdd100k/seg/images/train/39c82e6d-00000000.jpg,BDD
0.4097859,0.17582172,-0.48311204,../bdd100k/seg/images/val/8fcce630-3c3e0001.jpg,BDD
0.26642767,0.48372966,-2.0302384,../bdd100k/seg/images/train/04c450d8-00000000.jpg,BDD
0.9713541,-0.10436809,0.24917872,../bdd100k/seg/images/test/d3e7e04b-26565af6.jpg,BDD
1.643195,0.123973176,0.18307081,../GTA/03_images/08475.png,GTA
0.9786228,0.36958277,1.5281749,../cityscape/leftImg8bit/test/munich/munich_000190_000019_leftImg8bit.png,cityscape
1.3956522,-0.39890218,-0.61834186,../bdd100k/seg/images/train/72d1a01b-0e0f0001.jpg,BDD
-0.28600943,-1.4204055,-1.1351821,../bdd100k/seg/images/train/933651d0-c44d04b1.jpg,BDD
0.42458668,0.5117706,-0.34625578,../cityscape/leftImg8bit/val/frankfurt/frankfurt_000001_010156_leftImg8bit.png,cityscape
0.1822092,0.3197689,-1.9875165,../bdd100k/seg/images/train/6c9dbd17-989ad660.jpg,BDD
0.39295462,0.4369853,-0.34559327,../GTA/01_images/01897.png,GTA
1.8511772,0.12297326,0.83455014,../GTA/03_images/05823.png,GTA
-0.45971712,-0.43604583,-1.7049767,../bdd100k/seg/images/train/6a2d7759-45d710c2.jpg,BDD
-0.03032534,1.5650021,0.84118754,../cityscape/leftImg8bit/test/berlin/berlin_000341_000019_leftImg8bit.png,cityscape
1.4202558,-0.38918415,-0.61041933,../bdd100k/seg/images/test/ed69cacd-c01c4daf.jpg,BDD
-1.6661811,0.07455233,0.385039,../GTA/03_images/08176.png,GTA
-0.39530632,-0.41700688,-0.43781745,../bdd100k/seg/images/train/901fbccc-a4454c87.jpg,BDD
0.41105285,0.7210105,-0.21576628,../GTA/02_images/02573.png,GTA
-0.051070407,0.5354266,1.934164,../GTA/03_images/05594.png,GTA
-0.53787464,-1.2338451,-1.1202061,../bdd100k/seg/images/train/4027c10d-dc2eefb4.jpg,BDD
-0.14496675,0.17016913,0.20111328,../cityscape/leftImg8bit/val/frankfurt/frankfurt_000001_076502_leftImg8bit.png,cityscape
-0.4771274,-0.49474934,-1.6790359,../bdd100k/seg/images/train/3fd1e923-bcb08a1c.jpg,BDD
0.04742531,1.5900053,0.7811229,../GTA/02_images/02766.png,GTA
1.3812819,-0.52753,-0.6952887,../bdd100k/seg/images/val/a91b7555-00000780.jpg,BDD
-0.45095393,0.23765673,1.0818901,../cityscape/leftImg8bit/test/munich/munich_000136_000019_leftImg8bit.png,cityscape
-1.0211376,-1.9300373,-1.1453115,../bdd100k/seg/images/val/a91b7555-00000975.jpg,BDD
-1.0795412,-2.132278,-1.1472244,../bdd100k/seg/images/train/36379ca2-90c4d7be.jpg,BDD
0.5650272,1.5194879,0.65660095,../cityscape/leftImg8bit/train/weimar/weimar_000071_000019_leftImg8bit.png,cityscape
1.8224559,0.06220053,0.47686392,../bdd100k/seg/images/train/4d13e9e3-71fc1ef2.jpg,BDD
0.2219167,0.42468712,1.850138,../cityscape/leftImg8bit/test/mainz/mainz_000003_012995_leftImg8bit.png,cityscape
0.907269,-0.22561994,0.57056284,../GTA/03_images/09702.png,GTA
-0.3775926,1.1388692,1.0367043,../cityscape/leftImg8bit/test/munich/munich_000317_000019_leftImg8bit.png,cityscape
-1.5535051,0.039181586,0.100208454,../GTA/03_images/05191.png,GTA
-0.6924515,-0.769922,-1.4943479,../GTA/01_images/01743.png,GTA
0.61168766,0.76650065,-0.22549275,../cityscape/leftImg8bit/train/zurich/zurich_000029_000019_leftImg8bit.png,cityscape
1.6848282,0.3524632,0.98717535,../cityscape/leftImg8bit/val/frankfurt/frankfurt_000001_055062_leftImg8bit.png,cityscape
0.3423755,0.41002035,1.8078759,../cityscape/leftImg8bit/train/monchengladbach/monchengladbach_000000_019901_leftImg8bit.png,cityscape
0.5210864,0.4765241,-1.3500617,../bdd100k/seg/images/train/04a328c5-7d9c636f.jpg,BDD
1.6320285,0.5168014,0.919146,../cityscape/leftImg8bit/train/aachen/aachen_000117_000019_leftImg8bit.png,cityscape
1.5632747,0.30251303,1.2024115,../cityscape/leftImg8bit/train/tubingen/tubingen_000032_000019_leftImg8bit.png,cityscape
0.16869415,-0.53551304,-1.4943974,../bdd100k/seg/images/train/48ad9d98-3416dd20.jpg,BDD
0.8894193,-0.79655,-0.84129155,../cityscape/leftImg8bit/train/bremen/bremen_000175_000019_leftImg8bit.png,cityscape
-0.7680614,-1.1009756,-1.1238656,../GTA/03_images/08323.png,GTA
1.4523824,0.606016,1.078617,../cityscape/leftImg8bit/train/bremen/bremen_000107_000019_leftImg8bit.png,cityscape
-1.0468366,-2.1650443,-1.1598974,../bdd100k/seg/images/train/53ac0a14-59b81877.jpg,BDD
1.6138659,0.29213017,1.220957,../cityscape/leftImg8bit/train/monchengladbach/monchengladbach_000001_000054_leftImg8bit.png,cityscape
-0.69891113,1.1861954,0.99798924,../cityscape/leftImg8bit/test/bielefeld/bielefeld_000000_039221_leftImg8bit.png,cityscape
0.27668914,0.6008172,-2.0772743,../bdd100k/seg/images/test/ed5f05b1-23e30001.jpg,BDD
-0.13953152,0.6263596,0.99275863,../bdd100k/seg/images/train/8e3bb7b2-bc34fce7.jpg,BDD
-0.83432525,-1.1064211,-1.1175805,../GTA/01_images/01418.png,GTA
0.19345711,0.32293177,-1.9091738,../bdd100k/seg/images/val/8641f2f1-94e96aaa.jpg,BDD
-0.80820864,-1.1792741,-1.1211048,../GTA/03_images/06990.png,GTA
0.45339546,0.37462294,-1.5347492,../bdd100k/seg/images/train/7af082b9-d4e7324f.jpg,BDD
0.9902546,0.36962196,-0.93221474,../bdd100k/seg/images/train/2be4e417-035ff122.jpg,BDD
0.09091177,1.006172,0.23903945,../GTA/02_images/03115.png,GTA
1.0583825,0.20863973,-0.54610944,../bdd100k/seg/images/val/8538f924-24a6d5ad.jpg,BDD
0.68889725,-0.87781817,-0.896855,../bdd100k/seg/images/val/87b18bd2-00000000.jpg,BDD
0.33009484,0.20413458,-0.43072453,../cityscape/leftImg8bit/train/bremen/bremen_000019_000019_leftImg8bit.png,cityscape
0.49914774,-1.0989624,-1.0158466,../bdd100k/seg/images/test/dc103ccf-a004c12b.jpg,BDD
0.39239156,1.6611644,0.8008633,../cityscape/leftImg8bit/train/bochum/bochum_000000_036606_leftImg8bit.png,cityscape
-0.6470656,-0.72780234,-1.4832835,../GTA/01_images/02481.png,GTA
-0.16998753,-1.2697862,-1.0816269,../bdd100k/seg/images/val/80d076fe-4bba34cb.jpg,BDD
0.2575882,0.4088884,1.8742175,../cityscape/leftImg8bit/test/mainz/mainz_000003_010924_leftImg8bit.png,cityscape
-0.04977154,0.6806335,1.027877,../cityscape/leftImg8bit/train/dusseldorf/dusseldorf_000199_000019_leftImg8bit.png,cityscape
0.39891073,0.38952094,1.8287826,../cityscape/leftImg8bit/test/mainz/mainz_000001_011736_leftImg8bit.png,cityscape
0.60802037,0.6840449,-0.20952846,../bdd100k/seg/images/train/67fbf1e7-15d0d463.jpg,BDD
1.4628357,0.6120199,0.32581133,../cityscape/leftImg8bit/train/zurich/zurich_000046_000019_leftImg8bit.png,cityscape
-0.3481172,0.077628404,0.14234164,../GTA/02_images/02816.png,GTA
0.0350671,-1.109667,-1.0137897,../bdd100k/seg/images/train/051d6f8d-ab210001.jpg,BDD
0.7096457,-0.8165681,-0.8615779,../GTA/02_images/03017.png,GTA
0.5815727,-1.0474522,-0.960231,../bdd100k/seg/images/test/dc72bfe8-be9f4bff.jpg,BDD
-1.1408728,-1.1068779,-0.9900818,../bdd100k/seg/images/train/04e9acbd-b921e2a5.jpg,BDD
-0.82248676,-1.0943018,-1.098806,../GTA/03_images/07571.png,GTA
1.0687264,0.34376538,1.5184977,../cityscape/leftImg8bit/test/mainz/mainz_000000_021735_leftImg8bit.png,cityscape
1.74553,0.18045199,1.068182,../cityscape/leftImg8bit/train/tubingen/tubingen_000052_000019_leftImg8bit.png,cityscape
-0.12722816,0.30440253,2.3667443,../bdd100k/seg/images/train/07b5af1c-5153aa63.jpg,BDD
1.7974478,0.028334178,0.37544602,../GTA/03_images/09686.png,GTA
-0.56664,-0.51988626,-1.489625,../GTA/03_images/09861.png,GTA
-1.573471,0.009092571,0.05475649,../GTA/03_images/09523.png,GTA
-0.69383264,-1.3498205,-1.2049439,../GTA/01_images/01282.png,GTA
0.38566244,1.6688464,0.77665645,../GTA/03_images/05070.png,GTA
-0.100208305,0.39085442,2.300518,../cityscape/leftImg8bit/train/bochum/bochum_000000_030913_leftImg8bit.png,cityscape
-0.032724362,-1.0501741,-0.96998835,../bdd100k/seg/images/train/62fc466a-73b83086.jpg,BDD
0.5273562,1.6027417,0.822346,../cityscape/leftImg8bit/train/strasbourg/strasbourg_000000_026998_leftImg8bit.png,cityscape
-0.08011018,-1.0980651,-1.0284804,../GTA/03_images/07615.png,GTA
-0.057709854,-1.1180502,-1.024619,../GTA/01_images/01374.png,GTA
-0.32848367,-1.200036,-1.0797014,../GTA/02_images/02712.png,GTA
1.3673464,-0.54126906,-0.7029046,../bdd100k/seg/images/val/a91b7555-00000785.jpg,BDD
-0.7480224,-1.1377447,-1.1157671,../GTA/03_images/09389.png,GTA
-1.0894804,-2.1561642,-1.1513627,../bdd100k/seg/images/test/f3c2a926-00000000.jpg,BDD
0.2788977,-1.2279347,-1.1196746,../bdd100k/seg/images/train/3f8bc7a4-cba11c8b.jpg,BDD
0.13658307,0.29948223,-1.9488841,../bdd100k/seg/images/train/27132266-faf5f7cc.jpg,BDD
-0.1795844,1.0538999,0.93083525,../GTA/03_images/05277.png,GTA
0.04897169,0.2938385,1.1145644,../bdd100k/seg/images/train/31134777-05a68a69.jpg,BDD
-0.029198851,0.15201348,-1.9595261,../bdd100k/seg/images/train/6ff601f6-00000000.jpg,BDD
-0.692671,-1.0303142,-1.1730008,../GTA/03_images/08230.png,GTA
-0.14017087,0.27232644,2.286684,../bdd100k/seg/images/train/3ba2064f-8744ccd9.jpg,BDD
-0.6763507,-0.8212099,-1.4634793,../GTA/02_images/03207.png,GTA
1.7750773,0.047100022,0.3353381,../bdd100k/seg/images/test/f1207b48-00000000.jpg,BDD
-0.6658818,0.9891626,1.5993572,../bdd100k/seg/images/val/893c1b9f-7f8a61d7.jpg,BDD
0.4113813,0.78579164,-0.15063253,../cityscape/leftImg8bit/train/aachen/aachen_000016_000019_leftImg8bit.png,cityscape
-0.13454781,0.35780752,2.3059053,../GTA/01_images/02443.png,GTA
0.48798284,-1.0679345,-0.9898572,../GTA/03_images/07427.png,GTA
0.08119972,0.24711147,-1.9537936,../bdd100k/seg/images/train/4a75d312-b4309351.jpg,BDD
-0.13467498,0.28300467,2.2567155,../bdd100k/seg/images/train/306caaa5-27230001.jpg,BDD
-0.25267848,0.005555383,0.039522156,../GTA/03_images/06465.png,GTA
-0.31498986,-1.5152162,-1.173683,../GTA/03_images/06977.png,GTA
-0.39649403,-1.1865886,-1.0800964,../GTA/01_images/01064.png,GTA
-1.596445,0.11372744,0.37592757,../GTA/03_images/09361.png,GTA
0.33995217,0.39603767,1.8715819,../cityscape/leftImg8bit/val/frankfurt/frankfurt_000000_013240_leftImg8bit.png,cityscape
-0.29204467,-1.5124375,-1.17181,../GTA/03_images/07828.png,GTA
0.33097675,-0.08745503,0.9541593,../bdd100k/seg/images/test/dd531634-36872660.jpg,BDD
-1.5417676,0.030152382,0.085847996,../GTA/02_images/03113.png,GTA
-1.6676277,0.06403764,0.34441632,../cityscape/leftImg8bit/test/munich/munich_000346_000019_leftImg8bit.png,cityscape
-1.576847,0.0242795,0.19015288,../GTA/03_images/08940.png,GTA
-0.30066442,0.12003467,-0.0088723,../cityscape/leftImg8bit/test/munich/munich_000357_000019_leftImg8bit.png,cityscape
-0.9483403,1.0721438,1.2256289,../GTA/03_images/08777.png,GTA
0.18980573,1.6362395,0.84543383,../cityscape/leftImg8bit/train/zurich/zurich_000009_000019_leftImg8bit.png,cityscape
-0.080931604,0.038783263,0.07621917,../GTA/03_images/07744.png,GTA
0.8821134,-0.8179868,-0.8521821,../bdd100k/seg/images/test/ef009e8b-af87fd98.jpg,BDD
-1.5129608,-0.12671968,-0.13269356,../GTA/02_images/04083.png,GTA
0.49811637,1.6235752,0.8340165,../bdd100k/seg/images/test/ea1867ec-cedc9455.jpg,BDD
-1.6804854,-0.60545313,-0.42007333,../cityscape/leftImg8bit/test/berlin/berlin_000043_000019_leftImg8bit.png,cityscape
-0.23639312,-0.020792529,0.020239737,../GTA/01_images/02393.png,GTA
1.6381263,0.27892214,1.1249361,../cityscape/leftImg8bit/train/erfurt/erfurt_000072_000019_leftImg8bit.png,cityscape
0.4806227,0.5444565,-0.32053384,../bdd100k/seg/images/test/d84ebd3a-c2458327.jpg,BDD
-1.6176518,0.087965034,0.26281175,../cityscape/leftImg8bit/test/berlin/berlin_000184_000019_leftImg8bit.png,cityscape
-1.4434083,-1.1942595,-0.7921766,../GTA/01_images/01549.png,GTA
-0.0068343724,0.68930364,0.8003323,../cityscape/leftImg8bit/test/bielefeld/bielefeld_000000_012080_leftImg8bit.png,cityscape
-0.9007081,-1.2135961,-1.1022485,../GTA/03_images/06612.png,GTA
0.19473973,0.11740126,-1.8244575,../bdd100k/seg/images/train/0a6b4a7c-842bfdae.jpg,BDD
0.26459047,0.28261796,-1.8039398,../bdd100k/seg/images/val/7f3656b9-ef39e56d.jpg,BDD
-0.09605138,-1.1565008,-0.88242793,../GTA/02_images/03871.png,GTA
1.6489851,0.49250403,0.848944,../cityscape/leftImg8bit/test/munich/munich_000279_000019_leftImg8bit.png,cityscape
1.150678,0.2008567,-0.37466916,../GTA/01_images/00406.png,GTA
-0.49553153,1.1350929,1.0451342,../cityscape/leftImg8bit/train/strasbourg/strasbourg_000001_058373_leftImg8bit.png,cityscape
-0.118915044,0.33232412,2.4087217,../GTA/01_images/01072.png,GTA
-0.11594207,0.33232,2.3924873,../bdd100k/seg/images/test/e3fc0526-37ab0000.jpg,BDD
-0.64298785,0.9459912,1.6411376,../cityscape/leftImg8bit/train/zurich/zurich_000063_000019_leftImg8bit.png,cityscape
0.17621699,1.7620403,0.7378052,../cityscape/leftImg8bit/train/hamburg/hamburg_000000_088939_leftImg8bit.png,cityscape
0.31378514,1.566279,0.70289856,../cityscape/leftImg8bit/train/jena/jena_000061_000019_leftImg8bit.png,cityscape
-0.66019005,-0.98697656,-1.2459835,../GTA/01_images/01684.png,GTA
-0.7169655,-1.5882027,-1.180956,../GTA/02_images/04821.png,GTA
-0.33873126,-0.3697809,-0.39166272,../bdd100k/seg/images/train/7390ba06-b1ceb2ce.jpg,BDD
0.68315464,-0.56271666,-0.7575913,../GTA/01_images/02494.png,GTA
-1.6359562,-0.97237897,-0.6294693,../bdd100k/seg/images/test/d494df98-3604c960.jpg,BDD
-0.7140595,-0.920689,-1.4951115,../bdd100k/seg/images/val/9b2f8e46-00000000.jpg,BDD
0.20209858,0.46677387,1.8266275,../cityscape/leftImg8bit/train/krefeld/krefeld_000000_000316_leftImg8bit.png,cityscape
-0.38613802,-1.0781494,-1.0512193,../GTA/03_images/08264.png,GTA
-0.6734009,0.26249298,0.016513105,../GTA/03_images/06150.png,GTA
-1.1221689,0.69188553,0.12043744,../cityscape/leftImg8bit/train/weimar/weimar_000112_000019_leftImg8bit.png,cityscape
1.3459018,0.31351689,1.3823228,../bdd100k/seg/images/train/a93af51d-96dae531.jpg,BDD
1.6657243,0.44518223,0.87194145,../cityscape/leftImg8bit/train/hanover/hanover_000000_046732_leftImg8bit.png,cityscape
0.70451427,-0.8909412,-0.8996305,../bdd100k/seg/images/val/86d7177b-5172a1bf.jpg,BDD
0.9703787,0.32859638,-0.87667716,../bdd100k/seg/images/train/5d094d74-dac4c6c0.jpg,BDD
0.2994193,1.5045247,0.6106854,../cityscape/leftImg8bit/train/jena/jena_000007_000019_leftImg8bit.png,cityscape
0.41068903,0.19390194,-0.47012556,../bdd100k/seg/images/train/0e758b80-e99d0001.jpg,BDD
-1.6775863,-0.6138979,-0.43135664,../GTA/03_images/05379.png,GTA
0.6150519,-0.39136958,-0.6927588,../bdd100k/seg/images/train/4a7eebe5-d59a559e.jpg,BDD
0.0041993484,0.50626504,2.021903,../cityscape/leftImg8bit/train/dusseldorf/dusseldorf_000112_000019_leftImg8bit.png,cityscape
-0.09227419,1.2244133,0.8552336,../cityscape/leftImg8bit/train/stuttgart/stuttgart_000156_000019_leftImg8bit.png,cityscape
-0.98723525,-1.8081986,-1.1375784,../GTA/02_images/04823.png,GTA
-1.5112664,-0.04980472,-0.023428401,../GTA/03_images/08903.png,GTA
1.388679,0.7399934,0.38747066,../cityscape/leftImg8bit/train/zurich/zurich_000099_000019_leftImg8bit.png,cityscape
-0.09573156,0.39690298,2.2866766,../bdd100k/seg/images/train/37a593fc-13a55cce.jpg,BDD
-0.25549155,0.015473609,0.045711543,../GTA/01_images/00282.png,GTA
-0.29048264,0.080511026,0.10855414,../cityscape/leftImg8bit/train/bremen/bremen_000141_000019_leftImg8bit.png,cityscape
-0.17391905,0.78779936,0.088783644,../bdd100k/seg/images/val/857308ee-ede3c311.jpg,BDD
-0.36905065,-1.5659477,-1.1903396,../bdd100k/seg/images/train/0c6c9c66-5e867ddf.jpg,BDD
0.5401092,-0.903793,-0.91673934,../bdd100k/seg/images/test/ece64c9a-67fce26e.jpg,BDD
-0.6637453,-1.506966,-1.1798819,../GTA/01_images/01539.png,GTA
-0.23450947,0.9613514,0.94386345,../cityscape/leftImg8bit/train/dusseldorf/dusseldorf_000107_000019_leftImg8bit.png,cityscape
1.3836384,-0.4943659,-0.67163634,../cityscape/leftImg8bit/test/berlin/berlin_000048_000019_leftImg8bit.png,cityscape
-1.0066085,-1.6586999,-1.1091605,../GTA/01_images/00899.png,GTA
-0.17561725,-1.2084719,-1.0554851,../bdd100k/seg/images/train/39de26fe-10cca1dc.jpg,BDD
1.3617747,0.4268237,-0.1128463,../cityscape/leftImg8bit/train/erfurt/erfurt_000096_000019_leftImg8bit.png,cityscape
-0.16372618,0.46260238,2.191776,../cityscape/leftImg8bit/test/mainz/mainz_000001_037532_leftImg8bit.png,cityscape
0.3461127,1.6138674,0.92449945,../cityscape/leftImg8bit/train/ulm/ulm_000082_000019_leftImg8bit.png,cityscape
-0.13064459,0.08533592,0.08702203,../GTA/03_images/06041.png,GTA
-0.4304762,-0.018728334,-0.027876256,../bdd100k/seg/images/train/4757d9b4-e45fa50f.jpg,BDD
0.6586576,-0.85304195,-0.88074803,../GTA/03_images/06333.png,GTA
-1.0866996,-2.1305742,-1.1477793,../GTA/03_images/08141.png,GTA
-1.6732754,-0.6067281,-0.42452854,../GTA/03_images/07289.png,GTA
-0.46403,-0.84839225,-1.4314938,../GTA/02_images/02842.png,GTA
0.4251687,-0.8445749,-0.86330557,../bdd100k/seg/images/train/aadd2a9c-9478b53b.jpg,BDD
-0.7228204,-1.0251719,-1.121764,../GTA/03_images/06110.png,GTA
-1.1551813,-1.0943902,-0.98656535,../GTA/03_images/08388.png,GTA
1.0538243,0.3479195,-0.81302094,../bdd100k/seg/images/test/b1bea966-61635a47.jpg,BDD
-0.10972422,0.41087082,1.2139738,../bdd100k/seg/images/train/2b50e905-7d6f7ce3.jpg,BDD
1.443132,0.69226813,0.40141726,../GTA/03_images/06804.png,GTA
0.3549429,1.5793953,0.6985525,../cityscape/leftImg8bit/train/jena/jena_000085_000019_leftImg8bit.png,cityscape
-0.13357463,1.0062785,1.0745777,../cityscape/leftImg8bit/train/hanover/hanover_000000_009128_leftImg8bit.png,cityscape
0.56982857,1.5519288,0.7811502,../cityscape/leftImg8bit/train/stuttgart/stuttgart_000091_000019_leftImg8bit.png,cityscape
1.0552636,0.3602199,1.5323719,../bdd100k/seg/images/train/738df342-eec9a6d4.jpg,BDD
-0.7456855,-1.2191666,-1.3193235,../GTA/01_images/00041.png,GTA
-0.919573,0.09716409,1.0708693,../cityscape/leftImg8bit/train/cologne/cologne_000130_000019_leftImg8bit.png,cityscape
0.35262585,1.6255332,0.91152596,../cityscape/leftImg8bit/train/aachen/aachen_000047_000019_leftImg8bit.png,cityscape
0.14230731,0.3137157,-1.9593993,../bdd100k/seg/images/train/51d80c39-86946da2.jpg,BDD
-0.71417534,-0.9774322,-1.4965585,../bdd100k/seg/images/train/a1a42dcd-daa8d404.jpg,BDD
0.4219702,0.15437616,-0.4980495,../cityscape/leftImg8bit/test/munich/munich_000033_000019_leftImg8bit.png,cityscape
-0.31372717,-0.40577537,-0.4546849,../bdd100k/seg/images/test/ce318fc1-e6dd593e.jpg,BDD
-0.100660704,0.121003956,0.11166377,../cityscape/leftImg8bit/train/dusseldorf/dusseldorf_000097_000019_leftImg8bit.png,cityscape
-1.0260376,-1.1749793,-1.0295818,../GTA/03_images/05018.png,GTA
1.4159702,0.37926134,-0.02277603,../bdd100k/seg/images/train/927eb28c-78d4a5a5.jpg,BDD
-0.99844325,0.7745179,0.66093063,../bdd100k/seg/images/train/b535fb0a-845db498.jpg,BDD
1.474016,0.40401024,0.1963365,../bdd100k/seg/images/train/17b12016-2f0f62f5.jpg,BDD
-0.55779874,1.162764,1.0263876,../cityscape/leftImg8bit/train/hanover/hanover_000000_057532_leftImg8bit.png,cityscape
-0.6971717,-0.80604756,-1.5230579,../bdd100k/seg/images/train/4fa06b93-1f783439.jpg,BDD
-0.26096514,0.6939413,1.8268418,../cityscape/leftImg8bit/val/frankfurt/frankfurt_000001_055603_leftImg8bit.png,cityscape
0.17579584,1.6547445,0.7638226,../cityscape/leftImg8bit/train/hamburg/hamburg_000000_064825_leftImg8bit.png,cityscape
1.5178549,0.47356197,0.34880972,../GTA/03_images/05954.png,GTA
-0.634227,-1.1781069,-1.1149793,../GTA/03_images/06296.png,GTA
0.08425964,0.4967604,1.7857606,../cityscape/leftImg8bit/train/strasbourg/strasbourg_000000_017593_leftImg8bit.png,cityscape
0.11277637,0.44485602,1.4132197,../cityscape/leftImg8bit/val/munster/munster_000093_000019_leftImg8bit.png,cityscape
-0.8493724,0.10172286,1.1299342,../cityscape/leftImg8bit/train/ulm/ulm_000018_000019_leftImg8bit.png,cityscape
-0.29862207,0.108148165,0.10840861,../cityscape/leftImg8bit/train/strasbourg/strasbourg_000001_049399_leftImg8bit.png,cityscape
-0.7593497,1.1741037,0.9341927,../GTA/03_images/05443.png,GTA
0.1304684,0.2856293,-1.9346052,../bdd100k/seg/images/train/03d940bc-a134194f.jpg,BDD
-1.0227319,-1.1193024,-1.0398664,../GTA/02_images/02534.png,GTA
-0.032812778,0.499603,1.1289766,../cityscape/leftImg8bit/test/berlin/berlin_000254_000019_leftImg8bit.png,cityscape
0.5537216,-0.89773107,-0.91279316,../bdd100k/seg/images/train/4fb2303a-00000000.jpg,BDD
0.104370534,0.15100464,1.0754715,../bdd100k/seg/images/test/b7a21f9b-cc457d04.jpg,BDD
-0.32333302,-0.13491474,-1.9082229,../bdd100k/seg/images/train/4655bcd1-42baf9cb.jpg,BDD
-0.033411894,1.535675,0.5939358,../cityscape/leftImg8bit/val/frankfurt/frankfurt_000001_062509_leftImg8bit.png,cityscape
0.19894907,1.0045888,1.4522126,../cityscape/leftImg8bit/test/berlin/berlin_000501_000019_leftImg8bit.png,cityscape
1.7255303,0.024123924,0.24021003,../GTA/03_images/08109.png,GTA
-0.024520464,0.70142645,0.7072586,../cityscape/leftImg8bit/val/lindau/lindau_000012_000019_leftImg8bit.png,cityscape
-0.8267792,1.1759326,1.3388435,../cityscape/leftImg8bit/train/hanover/hanover_000000_034347_leftImg8bit.png,cityscape
1.7307281,0.19139932,1.0857828,../cityscape/leftImg8bit/train/dusseldorf/dusseldorf_000173_000019_leftImg8bit.png,cityscape
-1.4791094,-1.1454866,-0.75896096,../GTA/01_images/00741.png,GTA
-1.0292124,-1.7764493,-1.1215256,../GTA/01_images/00180.png,GTA
-0.048336428,0.5751346,1.7676467,../cityscape/leftImg8bit/test/berlin/berlin_000315_000019_leftImg8bit.png,cityscape
-0.2726489,0.6040994,0.7932675,../cityscape/leftImg8bit/train/hamburg/hamburg_000000_054220_leftImg8bit.png,cityscape
0.49588454,0.41218722,-1.4799265,../bdd100k/seg/images/val/89f27493-00000000.jpg,BDD
-0.7745972,-1.3963325,-1.2217909,../GTA/01_images/01157.png,GTA
-0.8935602,1.1743593,1.3372787,../cityscape/leftImg8bit/test/munich/munich_000181_000019_leftImg8bit.png,cityscape
-1.0333316,0.63198215,0.50682366,../cityscape/leftImg8bit/train/stuttgart/stuttgart_000010_000019_leftImg8bit.png,cityscape
0.23842679,-0.013474193,1.060609,../cityscape/leftImg8bit/test/mainz/mainz_000000_019043_leftImg8bit.png,cityscape
-1.0273157,0.55555856,0.42242244,../GTA/02_images/04728.png,GTA
0.41144997,0.70124084,-0.22516495,../GTA/03_images/07396.png,GTA
1.2520859,0.4854492,-0.16443878,../cityscape/leftImg8bit/test/berlin/berlin_000247_000019_leftImg8bit.png,cityscape
0.020961925,0.49590385,1.9893535,../cityscape/leftImg8bit/val/frankfurt/frankfurt_000001_023769_leftImg8bit.png,cityscape
-0.47149482,-0.8116212,-1.4855521,../bdd100k/seg/images/train/afc3456c-b6b9a65d.jpg,BDD
-1.5681211,0.05403564,0.11770323,../GTA/02_images/03027.png,GTA
-0.06401249,0.6416642,1.0145947,../cityscape/leftImg8bit/test/munich/munich_000299_000019_leftImg8bit.png,cityscape
0.15982276,0.3172649,-1.9440106,../bdd100k/seg/images/train/6188662c-e18e9c44.jpg,BDD
-0.06816658,0.7428685,1.0691881,../cityscape/leftImg8bit/train/dusseldorf/dusseldorf_000104_000019_leftImg8bit.png,cityscape
-0.24879757,0.67655295,1.8627717,../cityscape/leftImg8bit/val/frankfurt/frankfurt_000001_055387_leftImg8bit.png,cityscape
0.21286047,0.18081011,-1.8383205,../bdd100k/seg/images/test/f5fce005-00000380.jpg,BDD
-1.6190252,-1.0056347,-0.65117216,../bdd100k/seg/images/train/3dd9798a-80540000.jpg,BDD
0.17261034,1.7674575,0.7412017,../cityscape/leftImg8bit/train/ulm/ulm_000076_000019_leftImg8bit.png,cityscape
1.1510096,0.35343856,-0.66140825,../cityscape/leftImg8bit/train/hanover/hanover_000000_044085_leftImg8bit.png,cityscape
1.3844053,0.14805304,-0.264877,../GTA/01_images/00064.png,GTA
0.66015416,0.788401,-0.20680277,../cityscape/leftImg8bit/train/stuttgart/stuttgart_000001_000019_leftImg8bit.png,cityscape
-0.08837363,0.3982335,2.2502875,../cityscape/leftImg8bit/train/cologne/cologne_000071_000019_leftImg8bit.png,cityscape
-0.80836517,0.09607962,1.2080512,../GTA/03_images/09833.png,GTA
0.53971833,1.5383741,0.70289576,../GTA/01_images/02421.png,GTA
0.56851643,1.4878982,0.5743941,../cityscape/leftImg8bit/test/berlin/berlin_000112_000019_leftImg8bit.png,cityscape
0.2888986,0.21152566,-0.36405283,../bdd100k/seg/images/val/a91b7555-00000530.jpg,BDD
-1.4304252,-0.16902511,-0.15290093,../GTA/03_images/06598.png,GTA
-1.5564702,-0.28709394,-0.23745589,../GTA/02_images/03873.png,GTA
0.29259655,0.41059828,1.8585516,../cityscape/leftImg8bit/test/berlin/berlin_000015_000019_leftImg8bit.png,cityscape
0.2697228,0.5196005,-2.0545871,../bdd100k/seg/images/test/ea5bdec7-9a5c534c.jpg,BDD
